Date,Source Type,Source ID,Source Detail,Reading
43042,MW,1,5,7.07
43042,MW,1,10,6.12
43042,MW,1,15,5.59
43042,MW,2,5,6.05
43042,MW,2,10,6.12
43042,MW,2,15,6.11
43042,MW,3,5,6.62
43042,MW,3,10,6.47
43042,MW,3,15,6.34
43042,MW,4,5,11.35
43042,MW,4,10,11.88
43042,MW,4,15,11.9
43042,MW,5,5,11.89
43042,MW,5,10,12.17
43042,MW,5,15,12.27
43042,MW,6,5,#N/A
43042,MW,6,10,#N/A
43042,MW,6,15,#N/A
43042,MW,7,5,#N/A
43042,MW,7,10,#N/A
43042,MW,7,15,#N/A
43042,MW,8,5,8.6
43042,MW,8,10,8.18
43042,MW,8,15,7.87
43042,MW,9,5,11.25
43042,MW,9,10,11.42
43042,MW,9,15,11.47
43042,MW,10,5,10.29
43042,MW,10,10,9.63
43042,MW,10,15,8.65
43042,MW,11,5,11.08
43042,MW,11,10,12.02
43042,MW,11,15,12.14
43042,MW,12,5,7.09
43042,MW,12,10,8.06
43042,MW,12,15,8.15
43042,MW,13,5,#N/A
43042,MW,13,15,#N/A
43042,MW,13,25,#N/A
43042,MW,14,5,#N/A
43042,MW,14,15,#N/A
43042,MW,14,25,#N/A
43042,MW,15,5,#N/A
43042,MW,15,15,#N/A
43042,MW,15,25,#N/A
43042,NE,PT,5,7.97
43042,NE,PT,10,7.64
43042,NE,PT,15,7.27
43042,NE,PT,20,6.83
43042,NE,PT,25,6.63
43042,NE,PT,30,#N/A
43042,S,PT,5,5.97
43042,S,PT,10,5.97
43042,S,PT,15,5.91
43042,S,PT,20,5.64
43042,S,PT,25,5.47
43042,S,PT,30,#N/A
43042,SW,BRIDGE,1,#N/A
43042,SW,CONFLUENCE,1,#N/A
43042,CAL,STT,4,#N/A
43042,CAL,STT,7,#N/A
43042,CAL,STT,10,#N/A
43042,CAL,STP,4,#N/A
43042,CAL,STP,7,#N/A
43042,CAL,STP,10,#N/A
43068,MW,1,5,4
43068,MW,1,10,4.35
43068,MW,1,15,4.38
43068,MW,2,5,6.22
43068,MW,2,10,6.2
43068,MW,2,15,6.19
43068,MW,3,5,5.77
43068,MW,3,10,5.94
43068,MW,3,15,5.96
43068,MW,4,5,12.39
43068,MW,4,10,12.38
43068,MW,4,15,12.36
43068,MW,5,5,12.59
43068,MW,5,10,12.62
43068,MW,5,15,12.6
43068,MW,6,5,12.37
43068,MW,6,10,12.25
43068,MW,6,15,12.19
43068,MW,7,5,12.46
43068,MW,7,10,12.68
43068,MW,7,15,12.7
43068,MW,8,5,7.73
43068,MW,8,10,7.24
43068,MW,8,15,7.17
43068,MW,9,5,12.03
43068,MW,9,10,11.98
43068,MW,9,15,11.93
43068,MW,10,5,10.5
43068,MW,10,10,10.4
43068,MW,10,15,10.32
43068,MW,11,5,12.38
43068,MW,11,10,12.35
43068,MW,11,15,12.33
43068,MW,12,5,6.75
43068,MW,12,10,8.05
43068,MW,12,15,7.49
43068,MW,13,5,#N/A
43068,MW,13,15,#N/A
43068,MW,13,25,#N/A
43068,MW,14,5,#N/A
43068,MW,14,15,#N/A
43068,MW,14,25,#N/A
43068,MW,15,5,#N/A
43068,MW,15,15,#N/A
43068,MW,15,25,#N/A
43068,NE,PT,5,7.3
43068,NE,PT,10,6.4
43068,NE,PT,15,6.22
43068,NE,PT,20,6.22
43068,NE,PT,25,6.22
43068,NE,PT,30,6.31
43068,S,PT,5,6.07
43068,S,PT,10,6.2
43068,S,PT,15,6.21
43068,S,PT,20,6.21
43068,S,PT,25,5.97
43068,S,PT,30,5.93
43068,SW,BRIDGE,1,#N/A
43068,SW,CONFLUENCE,1,#N/A
43068,CAL,STT,4,#N/A
43068,CAL,STT,7,#N/A
43068,CAL,STT,10,#N/A
43068,CAL,STP,4,#N/A
43068,CAL,STP,7,#N/A
43068,CAL,STP,10,#N/A
43082,MW,1,5,5.37
43082,MW,1,10,5.64
43082,MW,1,15,5.51
43082,MW,2,5,6.63
43082,MW,2,10,6.38
43082,MW,2,15,6.33
43082,MW,3,5,6.08
43082,MW,3,10,6.16
43082,MW,3,15,6.18
43082,MW,4,5,12.73
43082,MW,4,10,12.67
43082,MW,4,15,12.63
43082,MW,5,5,12.38
43082,MW,5,10,12.65
43082,MW,5,15,12.66
43082,MW,6,5,11.8
43082,MW,6,10,12.13
43082,MW,6,15,12.19
43082,MW,7,5,11.5
43082,MW,7,10,12.46
43082,MW,7,15,12.67
43082,MW,8,5,8.76
43082,MW,8,10,7.67
43082,MW,8,15,7.29
43082,MW,9,5,11.51
43082,MW,9,10,11.88
43082,MW,9,15,11.92
43082,MW,10,5,9.7
43082,MW,10,10,9.89
43082,MW,10,15,9.91
43082,MW,11,5,12.36
43082,MW,11,10,12.36
43082,MW,11,15,12.35
43082,MW,12,5,6.69
43082,MW,12,10,8.72
43082,MW,12,15,7.79
43082,MW,13,5,#N/A
43082,MW,13,15,#N/A
43082,MW,13,25,#N/A
43082,MW,14,5,#N/A
43082,MW,14,15,#N/A
43082,MW,14,25,#N/A
43082,MW,15,5,#N/A
43082,MW,15,15,#N/A
43082,MW,15,25,#N/A
43082,NE,PT,5,6.69
43082,NE,PT,10,6.39
43082,NE,PT,15,6.34
43082,NE,PT,20,6.33
43082,NE,PT,25,6.34
43082,NE,PT,30,6.49
43082,S,PT,5,5.99
43082,S,PT,10,6.3
43082,S,PT,15,6.38
43082,S,PT,20,6.41
43082,S,PT,25,6.37
43082,S,PT,30,6.39
43082,SW,BRIDGE,1,#N/A
43082,SW,CONFLUENCE,1,#N/A
43082,CAL,STT,4,#N/A
43082,CAL,STT,7,#N/A
43082,CAL,STT,10,#N/A
43082,CAL,STP,4,#N/A
43082,CAL,STP,7,#N/A
43082,CAL,STP,10,#N/A
43098,MW,1,5,5.4
43098,MW,1,10,5.45
43098,MW,1,15,5.37
43098,MW,2,5,6.47
43098,MW,2,10,6.5
43098,MW,2,15,6.46
43098,MW,3,5,6.12
43098,MW,3,10,6.29
43098,MW,3,15,6.31
43098,MW,4,5,12.76
43098,MW,4,10,12.87
43098,MW,4,15,12.82
43098,MW,5,5,12.87
43098,MW,5,10,12.86
43098,MW,5,15,12.81
43098,MW,6,5,12.3
43098,MW,6,10,12.37
43098,MW,6,15,12.32
43098,MW,7,5,11.03
43098,MW,7,10,12.46
43098,MW,7,15,12.77
43098,MW,8,5,7.45
43098,MW,8,10,7.21
43098,MW,8,15,7.16
43098,MW,9,5,12.3
43098,MW,9,10,12.27
43098,MW,9,15,12.19
43098,MW,10,5,9.97
43098,MW,10,10,9.93
43098,MW,10,15,9.86
43098,MW,11,5,12.51
43098,MW,11,10,12.48
43098,MW,11,15,12.43
43098,MW,12,5,6.71
43098,MW,12,10,8.51
43098,MW,12,15,7.81
43098,MW,13,5,#N/A
43098,MW,13,15,#N/A
43098,MW,13,25,#N/A
43098,MW,14,5,#N/A
43098,MW,14,15,#N/A
43098,MW,14,25,#N/A
43098,MW,15,5,#N/A
43098,MW,15,15,#N/A
43098,MW,15,25,#N/A
43098,NE,PT,5,6.57
43098,NE,PT,10,6.46
43098,NE,PT,15,6.46
43098,NE,PT,20,6.46
43098,NE,PT,25,6.43
43098,NE,PT,30,6.59
43098,S,PT,5,6.57
43098,S,PT,10,6.65
43098,S,PT,15,6.64
43098,S,PT,20,6.56
43098,S,PT,25,6.57
43098,S,PT,30,6.56
43098,SW,BRIDGE,1,#N/A
43098,SW,CONFLUENCE,1,#N/A
43098,CAL,STT,4,#N/A
43098,CAL,STT,7,#N/A
43098,CAL,STT,10,#N/A
43098,CAL,STP,4,#N/A
43098,CAL,STP,7,#N/A
43098,CAL,STP,10,#N/A
43111,MW,1,5,6.55
43111,MW,1,10,6.33
43111,MW,1,15,6.14
43111,MW,2,5,6.78
43111,MW,2,10,6.59
43111,MW,2,15,6.52
43111,MW,3,5,6.72
43111,MW,3,10,6.53
43111,MW,3,15,6.43
43111,MW,4,5,12.96
43111,MW,4,10,13.01
43111,MW,4,15,12.93
43111,MW,5,5,12.81
43111,MW,5,10,12.97
43111,MW,5,15,12.89
43111,MW,6,5,12.45
43111,MW,6,10,12.47
43111,MW,6,15,12.38
43111,MW,7,5,12.59
43111,MW,7,10,12.95
43111,MW,7,15,12.96
43111,MW,8,5,7.76
43111,MW,8,10,7.42
43111,MW,8,15,7.26
43111,MW,9,5,12.51
43111,MW,9,10,12.43
43111,MW,9,15,12.28
43111,MW,10,5,9.89
43111,MW,10,10,9.81
43111,MW,10,15,9.78
43111,MW,11,5,12.54
43111,MW,11,10,12.54
43111,MW,11,15,12.46
43111,MW,12,5,6.37
43111,MW,12,10,8.49
43111,MW,12,15,7.89
43111,MW,13,5,#N/A
43111,MW,13,15,#N/A
43111,MW,13,25,#N/A
43111,MW,14,5,#N/A
43111,MW,14,15,#N/A
43111,MW,14,25,#N/A
43111,MW,15,5,#N/A
43111,MW,15,15,#N/A
43111,MW,15,25,#N/A
43111,NE,PT,5,7.02
43111,NE,PT,10,6.62
43111,NE,PT,15,6.56
43111,NE,PT,20,6.53
43111,NE,PT,25,6.52
43111,NE,PT,30,6.61
43111,S,PT,5,6.88
43111,S,PT,10,6.75
43111,S,PT,15,6.66
43111,S,PT,20,6.53
43111,S,PT,25,6.5
43111,S,PT,30,6.48
43111,SW,BRIDGE,1,#N/A
43111,SW,CONFLUENCE,1,#N/A
43111,CAL,STT,4,#N/A
43111,CAL,STT,7,#N/A
43111,CAL,STT,10,#N/A
43111,CAL,STP,4,#N/A
43111,CAL,STP,7,#N/A
43111,CAL,STP,10,#N/A
43124,MW,1,5,6.09
43124,MW,1,10,5.91
43124,MW,1,15,5.74
43124,MW,2,5,6.18
43124,MW,2,10,6.21
43124,MW,2,15,6.2
43124,MW,3,5,6.3
43124,MW,3,10,6.2
43124,MW,3,15,6.15
43124,MW,4,5,12.71
43124,MW,4,10,12.73
43124,MW,4,15,12.66
43124,MW,5,5,12.81
43124,MW,5,10,12.73
43124,MW,5,15,12.6
43124,MW,6,5,11.65
43124,MW,6,10,11.78
43124,MW,6,15,11.83
43124,MW,7,5,11.6
43124,MW,7,10,12.33
43124,MW,7,15,12.45
43124,MW,8,5,7.71
43124,MW,8,10,7.18
43124,MW,8,15,6.94
43124,MW,9,5,11.89
43124,MW,9,10,11.94
43124,MW,9,15,11.96
43124,MW,10,5,10.57
43124,MW,10,10,10.2
43124,MW,10,15,10.04
43124,MW,11,5,12.33
43124,MW,11,10,12.3
43124,MW,11,15,12.25
43124,MW,12,5,6.9
43124,MW,12,10,8.06
43124,MW,12,15,7.82
43124,MW,13,5,6.67
43124,MW,13,15,6.39
43124,MW,13,25,5.72
43124,MW,14,5,7.54
43124,MW,14,15,7.14
43124,MW,14,25,7.12
43124,MW,15,5,12.66
43124,MW,15,15,9.64
43124,MW,15,25,10.58
43124,NE,PT,5,6.72
43124,NE,PT,10,6.29
43124,NE,PT,15,6.24
43124,NE,PT,20,6.21
43124,NE,PT,25,6.21
43124,NE,PT,30,6.2
43124,S,PT,5,6.54
43124,S,PT,10,6.48
43124,S,PT,15,6.45
43124,S,PT,20,6.3
43124,S,PT,25,6.28
43124,S,PT,30,6.27
43124,SW,BRIDGE,1,#N/A
43124,SW,CONFLUENCE,1,#N/A
43124,CAL,STT,4,#N/A
43124,CAL,STT,7,#N/A
43124,CAL,STT,10,#N/A
43124,CAL,STP,4,#N/A
43124,CAL,STP,7,#N/A
43124,CAL,STP,10,#N/A
43140,MW,1,5,5.21
43140,MW,1,10,6.03
43140,MW,1,15,6.22
43140,MW,2,5,6.4
43140,MW,2,10,6.05
43140,MW,2,15,6.03
43140,MW,3,5,6.83
43140,MW,3,10,6.38
43140,MW,3,15,6.17
43140,MW,4,5,12.59
43140,MW,4,10,12.59
43140,MW,4,15,12.61
43140,MW,5,5,12.78
43140,MW,5,10,12.73
43140,MW,5,15,12.64
43140,MW,6,5,12.26
43140,MW,6,10,12.23
43140,MW,6,15,12.1
43140,MW,7,5,12.53
43140,MW,7,10,12.78
43140,MW,7,15,12.75
43140,MW,8,5,7.77
43140,MW,8,10,7.26
43140,MW,8,15,6.97
43140,MW,9,5,12.15
43140,MW,9,10,12.11
43140,MW,9,15,12.02
43140,MW,10,5,10.29
43140,MW,10,10,10.35
43140,MW,10,15,10.25
43140,MW,11,5,12.31
43140,MW,11,10,12.3
43140,MW,11,15,12.21
43140,MW,12,5,6.79
43140,MW,12,10,8.17
43140,MW,12,15,7.37
43140,MW,13,5,6.53
43140,MW,13,15,6.19
43140,MW,13,25,5.64
43140,MW,14,5,8.76
43140,MW,14,15,7.64
43140,MW,14,25,7.26
43140,MW,15,5,12.22
43140,MW,15,15,9.87
43140,MW,15,25,11.17
43140,NE,PT,5,6.7
43140,NE,PT,10,6.17
43140,NE,PT,15,6.06
43140,NE,PT,20,5.99
43140,NE,PT,25,5.81
43140,NE,PT,30,5.79
43140,S,PT,5,7.71
43140,S,PT,10,6.92
43140,S,PT,15,6.63
43140,S,PT,20,6.48
43140,S,PT,25,6.41
43140,S,PT,30,6.27
43140,SW,BRIDGE,1,#N/A
43140,SW,CONFLUENCE,1,#N/A
43140,CAL,STT,4,#N/A
43140,CAL,STT,7,#N/A
43140,CAL,STT,10,#N/A
43140,CAL,STP,4,#N/A
43140,CAL,STP,7,#N/A
43140,CAL,STP,10,#N/A
43151,MW,1,5,#N/A
43151,MW,1,10,#N/A
43151,MW,1,15,#N/A
43151,MW,2,5,7.47
43151,MW,2,10,7.38
43151,MW,2,15,7.07
43151,MW,3,5,8.22
43151,MW,3,10,7.81
43151,MW,3,15,7.29
43151,MW,4,5,13.9
43151,MW,4,10,13.72
43151,MW,4,15,13.52
43151,MW,5,5,13.66
43151,MW,5,10,13.21
43151,MW,5,15,12.72
43151,MW,6,5,12.53
43151,MW,6,10,12.41
43151,MW,6,15,12.27
43151,MW,7,5,13.1
43151,MW,7,10,13.06
43151,MW,7,15,12.9
43151,MW,8,5,8.41
43151,MW,8,10,8.21
43151,MW,8,15,8.11
43151,MW,9,5,13.11
43151,MW,9,10,12.98
43151,MW,9,15,12.67
43151,MW,10,5,11.09
43151,MW,10,10,11.36
43151,MW,10,15,11.21
43151,MW,11,5,12.11
43151,MW,11,10,11.98
43151,MW,11,15,11.99
43151,MW,12,5,#N/A
43151,MW,12,10,#N/A
43151,MW,12,15,#N/A
43151,MW,13,5,7.86
43151,MW,13,15,7.25
43151,MW,13,25,6.61
43151,MW,14,5,7.91
43151,MW,14,15,7.89
43151,MW,14,25,7.11
43151,MW,15,5,12.85
43151,MW,15,15,11
43151,MW,15,25,11.81
43151,NE,PT,5,6.83
43151,NE,PT,10,6.62
43151,NE,PT,15,6.52
43151,NE,PT,20,5.92
43151,NE,PT,25,5.82
43151,NE,PT,30,5.79
43151,S,PT,5,7.81
43151,S,PT,10,7.61
43151,S,PT,15,6.94
43151,S,PT,20,6.81
43151,S,PT,25,6.59
43151,S,PT,30,6.48
43151,SW,BRIDGE,1,#N/A
43151,SW,CONFLUENCE,1,#N/A
43151,CAL,STT,4,#N/A
43151,CAL,STT,7,#N/A
43151,CAL,STT,10,#N/A
43151,CAL,STP,4,#N/A
43151,CAL,STP,7,#N/A
43151,CAL,STP,10,#N/A
43172,MW,1,5,5.45
43172,MW,1,10,4.87
43172,MW,1,15,4.74
43172,MW,2,5,6.89
43172,MW,2,10,6.6
43172,MW,2,15,6.38
43172,MW,3,5,7.54
43172,MW,3,10,6.8
43172,MW,3,15,6.49
43172,MW,4,5,12.69
43172,MW,4,10,12.83
43172,MW,4,15,12.77
43172,MW,5,5,12.34
43172,MW,5,10,12.71
43172,MW,5,15,12.71
43172,MW,6,5,12.54
43172,MW,6,10,12.36
43172,MW,6,15,12.21
43172,MW,7,5,12.28
43172,MW,7,10,12.6
43172,MW,7,15,12.66
43172,MW,8,5,8.18
43172,MW,8,10,7.66
43172,MW,8,15,7.31
43172,MW,9,5,12.15
43172,MW,9,10,12.13
43172,MW,9,15,12.06
43172,MW,10,5,11.38
43172,MW,10,10,11.03
43172,MW,10,15,10.91
43172,MW,11,5,12.4
43172,MW,11,10,12.35
43172,MW,11,15,12.29
43172,MW,12,5,6.64
43172,MW,12,10,7.97
43172,MW,12,15,7.39
43172,MW,13,5,6.32
43172,MW,13,15,6.43
43172,MW,13,25,6.04
43172,MW,14,5,7.82
43172,MW,14,15,7.49
43172,MW,14,25,6.84
43172,MW,15,5,12.38
43172,MW,15,15,11.63
43172,MW,15,25,11.41
43172,NE,PT,5,7.01
43172,NE,PT,10,6.51
43172,NE,PT,15,6.33
43172,NE,PT,20,6.24
43172,NE,PT,25,6.18
43172,NE,PT,30,5.95
43172,S,PT,5,7.03
43172,S,PT,10,6.77
43172,S,PT,15,6.62
43172,S,PT,20,6.35
43172,S,PT,25,6.32
43172,S,PT,30,6.31
43172,SW,BRIDGE,1,#N/A
43172,SW,CONFLUENCE,1,#N/A
43172,CAL,STT,4,#N/A
43172,CAL,STT,7,#N/A
43172,CAL,STT,10,#N/A
43172,CAL,STP,4,#N/A
43172,CAL,STP,7,#N/A
43172,CAL,STP,10,#N/A
43208,MW,1,5,4.34
43208,MW,1,10,4.04
43208,MW,1,15,4.07
43208,MW,2,5,6.32
43208,MW,2,10,6.44
43208,MW,2,15,6.43
43208,MW,3,5,6.27
43208,MW,3,10,6.32
43208,MW,3,15,6.29
43208,MW,4,5,12.38
43208,MW,4,10,12.53
43208,MW,4,15,12.55
43208,MW,5,5,12.46
43208,MW,5,10,12.61
43208,MW,5,15,12.62
43208,MW,6,5,12.28
43208,MW,6,10,12.29
43208,MW,6,15,12.22
43208,MW,7,5,12.42
43208,MW,7,10,12.64
43208,MW,7,15,12.67
43208,MW,8,5,9.44
43208,MW,8,10,8.52
43208,MW,8,15,7.89
43208,MW,9,5,12.1
43208,MW,9,10,12.14
43208,MW,9,15,12.11
43208,MW,10,5,11.35
43208,MW,10,10,11.17
43208,MW,10,15,11.05
43208,MW,11,5,11.99
43208,MW,11,10,12.21
43208,MW,11,15,12.25
43208,MW,12,5,6.67
43208,MW,12,10,7.95
43208,MW,12,15,7.66
43208,MW,13,5,7.86
43208,MW,13,15,6.87
43208,MW,13,25,6.46
43208,MW,14,5,7.63
43208,MW,14,15,7.36
43208,MW,14,25,6.92
43208,MW,15,5,12.32
43208,MW,15,15,10.85
43208,MW,15,25,11.61
43208,NE,PT,5,8.93
43208,NE,PT,10,8.06
43208,NE,PT,15,7.49
43208,NE,PT,20,7.03
43208,NE,PT,25,6.63
43208,NE,PT,30,6.44
43208,S,PT,5,6.35
43208,S,PT,10,6.56
43208,S,PT,15,6.43
43208,S,PT,20,6.05
43208,S,PT,25,6.04
43208,S,PT,30,6.07
43208,SW,BRIDGE,1,#N/A
43208,SW,CONFLUENCE,1,#N/A
43208,CAL,STT,4,#N/A
43208,CAL,STT,7,#N/A
43208,CAL,STT,10,#N/A
43208,CAL,STP,4,#N/A
43208,CAL,STP,7,#N/A
43208,CAL,STP,10,#N/A
43234,MW,1,5,#N/A
43234,MW,1,10,#N/A
43234,MW,1,15,#N/A
43234,MW,2,5,6.15
43234,MW,2,10,6.26
43234,MW,2,15,6.44
43234,MW,3,5,#N/A
43234,MW,3,10,#N/A
43234,MW,3,15,#N/A
43234,MW,4,5,12.45
43234,MW,4,10,12.6
43234,MW,4,15,12.68
43234,MW,5,5,12.57
43234,MW,5,10,12.88
43234,MW,5,15,12.93
43234,MW,6,5,12.09
43234,MW,6,10,12.03
43234,MW,6,15,12.3
43234,MW,7,5,12.52
43234,MW,7,10,12.74
43234,MW,7,15,12.8
43234,MW,8,5,8.82
43234,MW,8,10,7.89
43234,MW,8,15,8.19
43234,MW,9,5,12.51
43234,MW,9,10,12.57
43234,MW,9,15,12.63
43234,MW,10,5,11.29
43234,MW,10,10,11.43
43234,MW,10,15,11.42
43234,MW,11,5,12.49
43234,MW,11,10,12.74
43234,MW,11,15,12.33
43234,MW,12,5,#N/A
43234,MW,12,10,#N/A
43234,MW,12,15,#N/A
43234,MW,13,5,6.89
43234,MW,13,15,6.78
43234,MW,13,25,6.8
43234,MW,14,5,8.16
43234,MW,14,15,7.71
43234,MW,14,25,7.57
43234,MW,15,5,#N/A
43234,MW,15,15,#N/A
43234,MW,15,25,#N/A
43234,NE,PT,5,6.72
43234,NE,PT,10,6.79
43234,NE,PT,15,6.8
43234,NE,PT,20,6.78
43234,NE,PT,25,6.77
43234,NE,PT,30,6.71
43234,S,PT,5,6.59
43234,S,PT,10,6.67
43234,S,PT,15,6.85
43234,S,PT,20,6.72
43234,S,PT,25,6.69
43234,S,PT,30,6.62
43234,SW,BRIDGE,1,#N/A
43234,SW,CONFLUENCE,1,#N/A
43234,CAL,STT,4,#N/A
43234,CAL,STT,7,#N/A
43234,CAL,STT,10,#N/A
43234,CAL,STP,4,#N/A
43234,CAL,STP,7,#N/A
43234,CAL,STP,10,#N/A
43270,MW,1,5,5.64
43270,MW,1,10,5.61
43270,MW,1,15,5.45
43270,MW,2,5,6.92
43270,MW,2,10,7.7
43270,MW,2,15,7.72
43270,MW,3,5,6.47
43270,MW,3,10,6.35
43270,MW,3,15,6.25
43270,MW,4,5,12.61
43270,MW,4,10,12.55
43270,MW,4,15,12.62
43270,MW,5,5,12.42
43270,MW,5,10,12.78
43270,MW,5,15,12.62
43270,MW,6,5,12.17
43270,MW,6,10,12.45
43270,MW,6,15,12.27
43270,MW,7,5,12.99
43270,MW,7,10,12.04
43270,MW,7,15,12.75
43270,MW,8,5,9.54
43270,MW,8,10,8.91
43270,MW,8,15,8.72
43270,MW,9,5,12.21
43270,MW,9,10,12.44
43270,MW,9,15,12.24
43270,MW,10,5,11.81
43270,MW,10,10,11.88
43270,MW,10,15,11.91
43270,MW,11,5,11.79
43270,MW,11,10,11.91
43270,MW,11,15,11.32
43270,MW,12,5,7.57
43270,MW,12,10,7.85
43270,MW,12,15,7.86
43270,MW,13,5,7.46
43270,MW,13,15,6.97
43270,MW,13,25,6.51
43270,MW,14,5,7.52
43270,MW,14,15,7.45
43270,MW,14,25,7.27
43270,MW,15,5,#N/A
43270,MW,15,15,#N/A
43270,MW,15,25,#N/A
43270,NE,PT,5,9.01
43270,NE,PT,10,8.89
43270,NE,PT,15,8.01
43270,NE,PT,20,7.45
43270,NE,PT,25,6.97
43270,NE,PT,30,6.91
43270,S,PT,5,6.56
43270,S,PT,10,6.59
43270,S,PT,15,6.48
43270,S,PT,20,6.37
43270,S,PT,25,6.31
43270,S,PT,30,6.21
43270,SW,BRIDGE,1,7.85
43270,SW,CONFLUENCE,1,8.04
43270,CAL,STT,4,#N/A
43270,CAL,STT,7,#N/A
43270,CAL,STT,10,#N/A
43270,CAL,STP,4,#N/A
43270,CAL,STP,7,#N/A
43270,CAL,STP,10,#N/A
43286,MW,1,5,#N/A
43286,MW,1,10,#N/A
43286,MW,1,15,#N/A
43286,MW,2,5,#N/A
43286,MW,2,10,#N/A
43286,MW,2,15,#N/A
43286,MW,3,5,#N/A
43286,MW,3,10,#N/A
43286,MW,3,15,#N/A
43286,MW,4,5,#N/A
43286,MW,4,10,#N/A
43286,MW,4,15,#N/A
43286,MW,5,5,#N/A
43286,MW,5,10,#N/A
43286,MW,5,15,#N/A
43286,MW,6,5,#N/A
43286,MW,6,10,#N/A
43286,MW,6,15,#N/A
43286,MW,7,5,#N/A
43286,MW,7,10,#N/A
43286,MW,7,15,#N/A
43286,MW,8,5,#N/A
43286,MW,8,10,#N/A
43286,MW,8,15,#N/A
43286,MW,9,5,#N/A
43286,MW,9,10,#N/A
43286,MW,9,15,#N/A
43286,MW,10,5,#N/A
43286,MW,10,10,#N/A
43286,MW,10,15,#N/A
43286,MW,11,5,#N/A
43286,MW,11,10,#N/A
43286,MW,11,15,#N/A
43286,MW,12,5,#N/A
43286,MW,12,10,#N/A
43286,MW,12,15,#N/A
43286,MW,13,5,#N/A
43286,MW,13,15,#N/A
43286,MW,13,25,#N/A
43286,MW,14,5,#N/A
43286,MW,14,15,#N/A
43286,MW,14,25,#N/A
43286,MW,15,5,#N/A
43286,MW,15,15,#N/A
43286,MW,15,25,#N/A
43286,NE,PT,5,#N/A
43286,NE,PT,10,#N/A
43286,NE,PT,15,#N/A
43286,NE,PT,20,#N/A
43286,NE,PT,25,#N/A
43286,NE,PT,30,#N/A
43286,S,PT,5,#N/A
43286,S,PT,10,#N/A
43286,S,PT,15,#N/A
43286,S,PT,20,#N/A
43286,S,PT,25,#N/A
43286,S,PT,30,#N/A
43286,SW,BRIDGE,1,8.22
43286,SW,CONFLUENCE,1,8.42
43286,CAL,STT,4,#N/A
43286,CAL,STT,7,#N/A
43286,CAL,STT,10,#N/A
43286,CAL,STP,4,#N/A
43286,CAL,STP,7,#N/A
43286,CAL,STP,10,#N/A
43299,MW,1,5,#N/A
43299,MW,1,10,#N/A
43299,MW,1,15,#N/A
43299,MW,2,5,#N/A
43299,MW,2,10,#N/A
43299,MW,2,15,#N/A
43299,MW,3,5,#N/A
43299,MW,3,10,#N/A
43299,MW,3,15,#N/A
43299,MW,4,5,#N/A
43299,MW,4,10,#N/A
43299,MW,4,15,#N/A
43299,MW,5,5,#N/A
43299,MW,5,10,#N/A
43299,MW,5,15,#N/A
43299,MW,6,5,#N/A
43299,MW,6,10,#N/A
43299,MW,6,15,#N/A
43299,MW,7,5,#N/A
43299,MW,7,10,#N/A
43299,MW,7,15,#N/A
43299,MW,8,5,#N/A
43299,MW,8,10,#N/A
43299,MW,8,15,#N/A
43299,MW,9,5,#N/A
43299,MW,9,10,#N/A
43299,MW,9,15,#N/A
43299,MW,10,5,#N/A
43299,MW,10,10,#N/A
43299,MW,10,15,#N/A
43299,MW,11,5,#N/A
43299,MW,11,10,#N/A
43299,MW,11,15,#N/A
43299,MW,12,5,#N/A
43299,MW,12,10,#N/A
43299,MW,12,15,#N/A
43299,MW,13,5,#N/A
43299,MW,13,15,#N/A
43299,MW,13,25,#N/A
43299,MW,14,5,#N/A
43299,MW,14,15,#N/A
43299,MW,14,25,#N/A
43299,MW,15,5,#N/A
43299,MW,15,15,#N/A
43299,MW,15,25,#N/A
43299,NE,PT,5,#N/A
43299,NE,PT,10,#N/A
43299,NE,PT,15,#N/A
43299,NE,PT,20,#N/A
43299,NE,PT,25,#N/A
43299,NE,PT,30,#N/A
43299,S,PT,5,#N/A
43299,S,PT,10,#N/A
43299,S,PT,15,#N/A
43299,S,PT,20,#N/A
43299,S,PT,25,#N/A
43299,S,PT,30,#N/A
43299,SW,BRIDGE,1,7.47
43299,SW,CONFLUENCE,1,7.65
43299,CAL,STT,4,#N/A
43299,CAL,STT,7,#N/A
43299,CAL,STT,10,#N/A
43299,CAL,STP,4,#N/A
43299,CAL,STP,7,#N/A
43299,CAL,STP,10,#N/A
43312,MW,1,5,4.09
43312,MW,1,10,3.72
43312,MW,1,15,3.76
43312,MW,2,5,7.35
43312,MW,2,10,7.25
43312,MW,2,15,7.33
43312,MW,3,5,6.11
43312,MW,3,10,5.96
43312,MW,3,15,6.13
43312,MW,4,5,11.69
43312,MW,4,10,12.17
43312,MW,4,15,12.43
43312,MW,5,5,12.22
43312,MW,5,10,12.78
43312,MW,5,15,13.03
43312,MW,6,5,12.59
43312,MW,6,10,11.94
43312,MW,6,15,12.23
43312,MW,7,5,11.92
43312,MW,7,10,12.43
43312,MW,7,15,12.72
43312,MW,8,5,10.75
43312,MW,8,10,8.99
43312,MW,8,15,8.52
43312,MW,9,5,11.78
43312,MW,9,10,11.97
43312,MW,9,15,12.24
43312,MW,10,5,10.71
43312,MW,10,10,10.89
43312,MW,10,15,11.33
43312,MW,11,5,10.94
43312,MW,11,10,12.39
43312,MW,11,15,12.67
43312,MW,12,5,6.65
43312,MW,12,10,7.58
43312,MW,12,15,7.77
43312,MW,13,5,7.95
43312,MW,13,15,7.19
43312,MW,13,25,6.65
43312,MW,14,5,7.87
43312,MW,14,15,8.04
43312,MW,14,25,7.47
43312,MW,15,5,11.89
43312,MW,15,15,11.02
43312,MW,15,25,11.87
43312,NE,PT,5,9.98
43312,NE,PT,10,8.38
43312,NE,PT,15,7.93
43312,NE,PT,20,7.52
43312,NE,PT,25,7.07
43312,NE,PT,30,6.69
43312,S,PT,5,5.85
43312,S,PT,10,5.97
43312,S,PT,15,6.14
43312,S,PT,20,6.02
43312,S,PT,25,5.98
43312,S,PT,30,5.98
43312,SW,BRIDGE,1,6.91
43312,SW,CONFLUENCE,1,8.6
43312,CAL,STT,4,#N/A
43312,CAL,STT,7,#N/A
43312,CAL,STT,10,#N/A
43312,CAL,STP,4,#N/A
43312,CAL,STP,7,#N/A
43312,CAL,STP,10,#N/A
43328,MW,1,5,#N/A
43328,MW,1,10,#N/A
43328,MW,1,15,#N/A
43328,MW,2,5,#N/A
43328,MW,2,10,#N/A
43328,MW,2,15,#N/A
43328,MW,3,5,#N/A
43328,MW,3,10,#N/A
43328,MW,3,15,#N/A
43328,MW,4,5,#N/A
43328,MW,4,10,#N/A
43328,MW,4,15,#N/A
43328,MW,5,5,#N/A
43328,MW,5,10,#N/A
43328,MW,5,15,#N/A
43328,MW,6,5,#N/A
43328,MW,6,10,#N/A
43328,MW,6,15,#N/A
43328,MW,7,5,#N/A
43328,MW,7,10,#N/A
43328,MW,7,15,#N/A
43328,MW,8,5,#N/A
43328,MW,8,10,#N/A
43328,MW,8,15,#N/A
43328,MW,9,5,#N/A
43328,MW,9,10,#N/A
43328,MW,9,15,#N/A
43328,MW,10,5,#N/A
43328,MW,10,10,#N/A
43328,MW,10,15,#N/A
43328,MW,11,5,#N/A
43328,MW,11,10,#N/A
43328,MW,11,15,#N/A
43328,MW,12,5,#N/A
43328,MW,12,10,#N/A
43328,MW,12,15,#N/A
43328,MW,13,5,#N/A
43328,MW,13,15,#N/A
43328,MW,13,25,#N/A
43328,MW,14,5,#N/A
43328,MW,14,15,#N/A
43328,MW,14,25,#N/A
43328,MW,15,5,#N/A
43328,MW,15,15,#N/A
43328,MW,15,25,#N/A
43328,NE,PT,5,#N/A
43328,NE,PT,10,#N/A
43328,NE,PT,15,#N/A
43328,NE,PT,20,#N/A
43328,NE,PT,25,#N/A
43328,NE,PT,30,#N/A
43328,S,PT,5,#N/A
43328,S,PT,10,#N/A
43328,S,PT,15,#N/A
43328,S,PT,20,#N/A
43328,S,PT,25,#N/A
43328,S,PT,30,#N/A
43328,SW,BRIDGE,1,8.11
43328,SW,CONFLUENCE,1,8.45
43328,CAL,STT,4,#N/A
43328,CAL,STT,7,#N/A
43328,CAL,STT,10,#N/A
43328,CAL,STP,4,#N/A
43328,CAL,STP,7,#N/A
43328,CAL,STP,10,#N/A
43343,MW,1,5,4.5
43343,MW,1,10,4.05
43343,MW,1,15,4.07
43343,MW,2,5,6.37
43343,MW,2,10,6.49
43343,MW,2,15,6.65
43343,MW,3,5,6.59
43343,MW,3,10,6.42
43343,MW,3,15,6.46
43343,MW,4,5,11.49
43343,MW,4,10,11.81
43343,MW,4,15,12.09
43343,MW,5,5,12.2
43343,MW,5,10,12.55
43343,MW,5,15,12.84
43343,MW,6,5,11.71
43343,MW,6,10,12.02
43343,MW,6,15,12.32
43343,MW,7,5,12.06
43343,MW,7,10,12.42
43343,MW,7,15,12.72
43343,MW,8,5,10.27
43343,MW,8,10,8.6
43343,MW,8,15,8.54
43343,MW,9,5,11.74
43343,MW,9,10,11.83
43343,MW,9,15,12.02
43343,MW,10,5,10.82
43343,MW,10,10,10.74
43343,MW,10,15,10.98
43343,MW,11,5,11.26
43343,MW,11,10,12.2
43343,MW,11,15,12.48
43343,MW,12,5,6.73
43343,MW,12,10,7.9
43343,MW,12,15,7.45
43343,MW,13,5,7.03
43343,MW,13,15,6.65
43343,MW,13,25,6.67
43343,MW,14,5,7.83
43343,MW,14,15,8.03
43343,MW,14,25,7.64
43343,MW,15,5,11.93
43343,MW,15,15,10.69
43343,MW,15,25,11.88
43343,NE,PT,5,9.09
43343,NE,PT,10,7.69
43343,NE,PT,15,7.69
43343,NE,PT,20,7.7
43343,NE,PT,25,7.64
43343,NE,PT,30,7.4
43343,S,PT,5,6.04
43343,S,PT,10,6.06
43343,S,PT,15,6.2
43343,S,PT,20,6.32
43343,S,PT,25,6.34
43343,S,PT,30,6.27
43343,SW,BRIDGE,1,6.92
43343,SW,CONFLUENCE,1,8.77
43343,CAL,STT,4,#N/A
43343,CAL,STT,7,#N/A
43343,CAL,STT,10,#N/A
43343,CAL,STP,4,#N/A
43343,CAL,STP,7,#N/A
43343,CAL,STP,10,#N/A
43362,MW,1,5,#N/A
43362,MW,1,10,#N/A
43362,MW,1,15,#N/A
43362,MW,2,5,#N/A
43362,MW,2,10,#N/A
43362,MW,2,15,#N/A
43362,MW,3,5,#N/A
43362,MW,3,10,#N/A
43362,MW,3,15,#N/A
43362,MW,4,5,#N/A
43362,MW,4,10,#N/A
43362,MW,4,15,#N/A
43362,MW,5,5,#N/A
43362,MW,5,10,#N/A
43362,MW,5,15,#N/A
43362,MW,6,5,#N/A
43362,MW,6,10,#N/A
43362,MW,6,15,#N/A
43362,MW,7,5,#N/A
43362,MW,7,10,#N/A
43362,MW,7,15,#N/A
43362,MW,8,5,#N/A
43362,MW,8,10,#N/A
43362,MW,8,15,#N/A
43362,MW,9,5,#N/A
43362,MW,9,10,#N/A
43362,MW,9,15,#N/A
43362,MW,10,5,#N/A
43362,MW,10,10,#N/A
43362,MW,10,15,#N/A
43362,MW,11,5,#N/A
43362,MW,11,10,#N/A
43362,MW,11,15,#N/A
43362,MW,12,5,#N/A
43362,MW,12,10,#N/A
43362,MW,12,15,#N/A
43362,MW,13,5,#N/A
43362,MW,13,15,#N/A
43362,MW,13,25,#N/A
43362,MW,14,5,#N/A
43362,MW,14,15,#N/A
43362,MW,14,25,#N/A
43362,MW,15,5,#N/A
43362,MW,15,15,#N/A
43362,MW,15,25,#N/A
43362,NE,PT,5,#N/A
43362,NE,PT,10,#N/A
43362,NE,PT,15,#N/A
43362,NE,PT,20,#N/A
43362,NE,PT,25,#N/A
43362,NE,PT,30,#N/A
43362,S,PT,5,#N/A
43362,S,PT,10,#N/A
43362,S,PT,15,#N/A
43362,S,PT,20,#N/A
43362,S,PT,25,#N/A
43362,S,PT,30,#N/A
43362,SW,BRIDGE,1,7.23
43362,SW,CONFLUENCE,1,7.73
43362,CAL,STT,4,#N/A
43362,CAL,STT,7,#N/A
43362,CAL,STT,10,#N/A
43362,CAL,STP,4,#N/A
43362,CAL,STP,7,#N/A
43362,CAL,STP,10,#N/A
43369,MW,1,5,5.4
43369,MW,1,10,4.9
43369,MW,1,15,4.95
43369,MW,2,5,7.4
43369,MW,2,10,6.95
43369,MW,2,15,6.92
43369,MW,3,5,8.22
43369,MW,3,10,7.85
43369,MW,3,15,7.8
43369,MW,4,5,11.15
43369,MW,4,10,11.63
43369,MW,4,15,11.86
43369,MW,5,5,11.9
43369,MW,5,10,12.15
43369,MW,5,15,12.44
43369,MW,6,5,11.65
43369,MW,6,10,11.72
43369,MW,6,15,11.88
43369,MW,7,5,11.8
43369,MW,7,10,12.06
43369,MW,7,15,12.3
43369,MW,8,5,8.3
43369,MW,8,10,7.9
43369,MW,8,15,7.85
43369,MW,9,5,11.26
43369,MW,9,10,11.8
43369,MW,9,15,12
43369,MW,10,5,10.57
43369,MW,10,10,10.98
43369,MW,10,15,11.09
43369,MW,11,5,11.32
43369,MW,11,10,11.45
43369,MW,11,15,11.69
43369,MW,12,5,7.07
43369,MW,12,10,9.4
43369,MW,12,15,8.03
43369,MW,13,5,6.7
43369,MW,13,15,6.68
43369,MW,13,25,6.55
43369,MW,14,5,9.14
43369,MW,14,15,8.55
43369,MW,14,25,8.45
43369,MW,15,5,11.78
43369,MW,15,15,10.8
43369,MW,15,25,11.65
43369,NE,PT,5,#N/A
43369,NE,PT,10,#N/A
43369,NE,PT,15,#N/A
43369,NE,PT,20,#N/A
43369,NE,PT,25,#N/A
43369,NE,PT,30,#N/A
43369,S,PT,5,7.52
43369,S,PT,10,7.48
43369,S,PT,15,7.64
43369,S,PT,20,7.8
43369,S,PT,25,7.94
43369,S,PT,30,7.98
43369,SW,BRIDGE,1,7.26
43369,SW,CONFLUENCE,1,8.47
43369,CAL,STT,4,#N/A
43369,CAL,STT,7,#N/A
43369,CAL,STT,10,#N/A
43369,CAL,STP,4,#N/A
43369,CAL,STP,7,#N/A
43369,CAL,STP,10,#N/A
43382,MW,1,5,#N/A
43382,MW,1,10,#N/A
43382,MW,1,15,#N/A
43382,MW,2,5,#N/A
43382,MW,2,10,#N/A
43382,MW,2,15,#N/A
43382,MW,3,5,#N/A
43382,MW,3,10,#N/A
43382,MW,3,15,#N/A
43382,MW,4,5,#N/A
43382,MW,4,10,#N/A
43382,MW,4,15,#N/A
43382,MW,5,5,#N/A
43382,MW,5,10,#N/A
43382,MW,5,15,#N/A
43382,MW,6,5,#N/A
43382,MW,6,10,#N/A
43382,MW,6,15,#N/A
43382,MW,7,5,#N/A
43382,MW,7,10,#N/A
43382,MW,7,15,#N/A
43382,MW,8,5,#N/A
43382,MW,8,10,#N/A
43382,MW,8,15,#N/A
43382,MW,9,5,#N/A
43382,MW,9,10,#N/A
43382,MW,9,15,#N/A
43382,MW,10,5,#N/A
43382,MW,10,10,#N/A
43382,MW,10,15,#N/A
43382,MW,11,5,#N/A
43382,MW,11,10,#N/A
43382,MW,11,15,#N/A
43382,MW,12,5,#N/A
43382,MW,12,10,#N/A
43382,MW,12,15,#N/A
43382,MW,13,5,#N/A
43382,MW,13,15,#N/A
43382,MW,13,25,#N/A
43382,MW,14,5,#N/A
43382,MW,14,15,#N/A
43382,MW,14,25,#N/A
43382,MW,15,5,#N/A
43382,MW,15,15,#N/A
43382,MW,15,25,#N/A
43382,NE,PT,5,#N/A
43382,NE,PT,10,#N/A
43382,NE,PT,15,#N/A
43382,NE,PT,20,#N/A
43382,NE,PT,25,#N/A
43382,NE,PT,30,#N/A
43382,S,PT,5,#N/A
43382,S,PT,10,#N/A
43382,S,PT,15,#N/A
43382,S,PT,20,#N/A
43382,S,PT,25,#N/A
43382,S,PT,30,#N/A
43382,SW,BRIDGE,1,7.73
43382,SW,CONFLUENCE,1,8.28
43382,CAL,STT,4,#N/A
43382,CAL,STT,7,#N/A
43382,CAL,STT,10,#N/A
43382,CAL,STP,4,#N/A
43382,CAL,STP,7,#N/A
43382,CAL,STP,10,#N/A
43403,MW,1,5,#N/A
43403,MW,1,10,#N/A
43403,MW,1,15,#N/A
43403,MW,2,5,6.45
43403,MW,2,10,6
43403,MW,2,15,6.15
43403,MW,3,5,7.17
43403,MW,3,10,7.04
43403,MW,3,15,6.94
43403,MW,4,5,12
43403,MW,4,10,12.11
43403,MW,4,15,12.21
43403,MW,5,5,12.54
43403,MW,5,10,12.52
43403,MW,5,15,12.59
43403,MW,6,5,12.01
43403,MW,6,10,12.23
43403,MW,6,15,12.25
43403,MW,7,5,12.18
43403,MW,7,10,12.52
43403,MW,7,15,12.61
43403,MW,8,5,7.83
43403,MW,8,10,8.18
43403,MW,8,15,7.51
43403,MW,9,5,11.94
43403,MW,9,10,12.12
43403,MW,9,15,12.22
43403,MW,10,5,11.01
43403,MW,10,10,10.9
43403,MW,10,15,10.87
43403,MW,11,5,11.17
43403,MW,11,10,11.9
43403,MW,11,15,11.87
43403,MW,12,5,6.52
43403,MW,12,10,7.31
43403,MW,12,15,7.49
43403,MW,13,5,7.71
43403,MW,13,15,7.21
43403,MW,13,25,7.01
43403,MW,14,5,7.42
43403,MW,14,15,7.82
43403,MW,14,25,7.47
43403,MW,15,5,11.88
43403,MW,15,15,11.92
43403,MW,15,25,12.28
43403,NE,PT,5,7.91
43403,NE,PT,10,7.92
43403,NE,PT,15,7.88
43403,NE,PT,20,7.84
43403,NE,PT,25,7.81
43403,NE,PT,30,7.82
43403,S,PT,5,6.28
43403,S,PT,10,6.18
43403,S,PT,15,6.1
43403,S,PT,20,6.01
43403,S,PT,25,5.99
43403,S,PT,30,5.98
43403,SW,BRIDGE,1,6.85
43403,SW,CONFLUENCE,1,7.7
43403,CAL,STT,4,#N/A
43403,CAL,STT,7,#N/A
43403,CAL,STT,10,#N/A
43403,CAL,STP,4,#N/A
43403,CAL,STP,7,#N/A
43403,CAL,STP,10,#N/A
43420,MW,1,5,#N/A
43420,MW,1,10,#N/A
43420,MW,1,15,#N/A
43420,MW,2,5,#N/A
43420,MW,2,10,#N/A
43420,MW,2,15,#N/A
43420,MW,3,5,#N/A
43420,MW,3,10,#N/A
43420,MW,3,15,#N/A
43420,MW,4,5,#N/A
43420,MW,4,10,#N/A
43420,MW,4,15,#N/A
43420,MW,5,5,#N/A
43420,MW,5,10,#N/A
43420,MW,5,15,#N/A
43420,MW,6,5,#N/A
43420,MW,6,10,#N/A
43420,MW,6,15,#N/A
43420,MW,7,5,#N/A
43420,MW,7,10,#N/A
43420,MW,7,15,#N/A
43420,MW,8,5,#N/A
43420,MW,8,10,#N/A
43420,MW,8,15,#N/A
43420,MW,9,5,#N/A
43420,MW,9,10,#N/A
43420,MW,9,15,#N/A
43420,MW,10,5,#N/A
43420,MW,10,10,#N/A
43420,MW,10,15,#N/A
43420,MW,11,5,#N/A
43420,MW,11,10,#N/A
43420,MW,11,15,#N/A
43420,MW,12,5,#N/A
43420,MW,12,10,#N/A
43420,MW,12,15,#N/A
43420,MW,13,5,#N/A
43420,MW,13,15,#N/A
43420,MW,13,25,#N/A
43420,MW,14,5,#N/A
43420,MW,14,15,#N/A
43420,MW,14,25,#N/A
43420,MW,15,5,#N/A
43420,MW,15,15,#N/A
43420,MW,15,25,#N/A
43420,NE,PT,5,#N/A
43420,NE,PT,10,#N/A
43420,NE,PT,15,#N/A
43420,NE,PT,20,#N/A
43420,NE,PT,25,#N/A
43420,NE,PT,30,#N/A
43420,S,PT,5,#N/A
43420,S,PT,10,#N/A
43420,S,PT,15,#N/A
43420,S,PT,20,#N/A
43420,S,PT,25,#N/A
43420,S,PT,30,#N/A
43420,SW,BRIDGE,1,7.34
43420,SW,CONFLUENCE,1,7.43
43420,CAL,STT,4,#N/A
43420,CAL,STT,7,#N/A
43420,CAL,STT,10,#N/A
43420,CAL,STP,4,#N/A
43420,CAL,STP,7,#N/A
43420,CAL,STP,10,#N/A
43434,MW,1,5,#N/A
43434,MW,1,10,#N/A
43434,MW,1,15,#N/A
43434,MW,2,5,7.14
43434,MW,2,10,7.19
43434,MW,2,15,#N/A
43434,MW,3,5,7.82
43434,MW,3,10,7.61
43434,MW,3,15,#N/A
43434,MW,4,5,12.54
43434,MW,4,10,12.58
43434,MW,4,15,#N/A
43434,MW,5,5,12.77
43434,MW,5,10,13.04
43434,MW,5,15,#N/A
43434,MW,6,5,12.61
43434,MW,6,10,12.52
43434,MW,6,15,#N/A
43434,MW,7,5,12.8
43434,MW,7,10,13.1
43434,MW,7,15,#N/A
43434,MW,8,5,10.16
43434,MW,8,10,9.78
43434,MW,8,15,#N/A
43434,MW,9,5,12.33
43434,MW,9,10,12.26
43434,MW,9,15,#N/A
43434,MW,10,5,11.62
43434,MW,10,10,11.52
43434,MW,10,15,#N/A
43434,MW,11,5,12.17
43434,MW,11,10,12.19
43434,MW,11,15,#N/A
43434,MW,12,5,8.27
43434,MW,12,10,10.15
43434,MW,12,15,#N/A
43434,MW,13,5,8.33
43434,MW,13,15,8.13
43434,MW,13,25,7.95
43434,MW,14,5,8.88
43434,MW,14,15,8.34
43434,MW,14,25,8.21
43434,MW,15,5,12.63
43434,MW,15,15,10.89
43434,MW,15,25,12.17
43434,NE,PT,5,9.11
43434,NE,PT,10,8.18
43434,NE,PT,15,#N/A
43434,NE,PT,20,#N/A
43434,NE,PT,25,#N/A
43434,NE,PT,30,#N/A
43434,S,PT,5,7.86
43434,S,PT,10,7.91
43434,S,PT,15,#N/A
43434,S,PT,20,#N/A
43434,S,PT,25,#N/A
43434,S,PT,30,#N/A
43434,SW,BRIDGE,1,7.88
43434,SW,CONFLUENCE,1,9.51
43434,CAL,STT,4,#N/A
43434,CAL,STT,7,#N/A
43434,CAL,STT,10,#N/A
43434,CAL,STP,4,#N/A
43434,CAL,STP,7,#N/A
43434,CAL,STP,10,#N/A
43455,MW,1,5,#N/A
43455,MW,1,10,#N/A
43455,MW,1,15,#N/A
43455,MW,2,5,#N/A
43455,MW,2,10,#N/A
43455,MW,2,15,#N/A
43455,MW,3,5,#N/A
43455,MW,3,10,#N/A
43455,MW,3,15,#N/A
43455,MW,4,5,#N/A
43455,MW,4,10,#N/A
43455,MW,4,15,#N/A
43455,MW,5,5,#N/A
43455,MW,5,10,#N/A
43455,MW,5,15,#N/A
43455,MW,6,5,#N/A
43455,MW,6,10,#N/A
43455,MW,6,15,#N/A
43455,MW,7,5,#N/A
43455,MW,7,10,#N/A
43455,MW,7,15,#N/A
43455,MW,8,5,#N/A
43455,MW,8,10,#N/A
43455,MW,8,15,#N/A
43455,MW,9,5,#N/A
43455,MW,9,10,#N/A
43455,MW,9,15,#N/A
43455,MW,10,5,#N/A
43455,MW,10,10,#N/A
43455,MW,10,15,#N/A
43455,MW,11,5,#N/A
43455,MW,11,10,#N/A
43455,MW,11,15,#N/A
43455,MW,12,5,#N/A
43455,MW,12,10,#N/A
43455,MW,12,15,#N/A
43455,MW,13,5,#N/A
43455,MW,13,15,#N/A
43455,MW,13,25,#N/A
43455,MW,14,5,#N/A
43455,MW,14,15,#N/A
43455,MW,14,25,#N/A
43455,MW,15,5,#N/A
43455,MW,15,15,#N/A
43455,MW,15,25,#N/A
43455,NE,PT,5,#N/A
43455,NE,PT,10,#N/A
43455,NE,PT,15,#N/A
43455,NE,PT,20,#N/A
43455,NE,PT,25,#N/A
43455,NE,PT,30,#N/A
43455,S,PT,5,#N/A
43455,S,PT,10,#N/A
43455,S,PT,15,#N/A
43455,S,PT,20,#N/A
43455,S,PT,25,#N/A
43455,S,PT,30,#N/A
43455,SW,BRIDGE,1,7.15
43455,SW,CONFLUENCE,1,7.11
43455,CAL,STT,4,#N/A
43455,CAL,STT,7,#N/A
43455,CAL,STT,10,#N/A
43455,CAL,STP,4,#N/A
43455,CAL,STP,7,#N/A
43455,CAL,STP,10,#N/A
43465,MW,1,5,3.85
43465,MW,1,10,3.6
43465,MW,1,15,3.62
43465,MW,2,5,6.35
43465,MW,2,10,6.05
43465,MW,2,15,5.85
43465,MW,3,5,7.11
43465,MW,3,10,6.94
43465,MW,3,15,6.76
43465,MW,4,5,12.08
43465,MW,4,10,12.25
43465,MW,4,15,12.26
43465,MW,5,5,12.79
43465,MW,5,10,12.98
43465,MW,5,15,13.08
43465,MW,6,5,#N/A
43465,MW,6,10,#N/A
43465,MW,6,15,#N/A
43465,MW,7,5,#N/A
43465,MW,7,10,#N/A
43465,MW,7,15,#N/A
43465,MW,8,5,10.59
43465,MW,8,10,9.81
43465,MW,8,15,9.33
43465,MW,9,5,12.81
43465,MW,9,10,12.77
43465,MW,9,15,12.67
43465,MW,10,5,11.95
43465,MW,10,10,11.75
43465,MW,10,15,11.62
43465,MW,11,5,12.17
43465,MW,11,10,12.26
43465,MW,11,15,12.25
43465,MW,12,5,6.46
43465,MW,12,10,8.59
43465,MW,12,15,7.17
43465,MW,13,5,6.99
43465,MW,13,15,6.63
43465,MW,13,25,6.45
43465,MW,14,5,6.73
43465,MW,14,15,6.49
43465,MW,14,25,6.31
43465,MW,15,5,12.46
43465,MW,15,15,10
43465,MW,15,25,#N/A
43465,NE,PT,5,9.17
43465,NE,PT,10,8.29
43465,NE,PT,15,8.01
43465,NE,PT,20,7.84
43465,NE,PT,25,7.63
43465,NE,PT,30,7.51
43465,S,PT,5,5.36
43465,S,PT,10,5.41
43465,S,PT,15,5.49
43465,S,PT,20,5.61
43465,S,PT,25,5.68
43465,S,PT,30,5.75
43465,SW,BRIDGE,1,6.7
43465,SW,CONFLUENCE,1,9.1
43465,CAL,STT,4,#N/A
43465,CAL,STT,7,#N/A
43465,CAL,STT,10,#N/A
43465,CAL,STP,4,#N/A
43465,CAL,STP,7,#N/A
43465,CAL,STP,10,#N/A
43482,MW,1,5,#N/A
43482,MW,1,10,#N/A
43482,MW,1,15,#N/A
43482,MW,2,5,#N/A
43482,MW,2,10,#N/A
43482,MW,2,15,#N/A
43482,MW,3,5,#N/A
43482,MW,3,10,#N/A
43482,MW,3,15,#N/A
43482,MW,4,5,#N/A
43482,MW,4,10,#N/A
43482,MW,4,15,#N/A
43482,MW,5,5,#N/A
43482,MW,5,10,#N/A
43482,MW,5,15,#N/A
43482,MW,6,5,#N/A
43482,MW,6,10,#N/A
43482,MW,6,15,#N/A
43482,MW,7,5,#N/A
43482,MW,7,10,#N/A
43482,MW,7,15,#N/A
43482,MW,8,5,#N/A
43482,MW,8,10,#N/A
43482,MW,8,15,#N/A
43482,MW,9,5,#N/A
43482,MW,9,10,#N/A
43482,MW,9,15,#N/A
43482,MW,10,5,#N/A
43482,MW,10,10,#N/A
43482,MW,10,15,#N/A
43482,MW,11,5,#N/A
43482,MW,11,10,#N/A
43482,MW,11,15,#N/A
43482,MW,12,5,#N/A
43482,MW,12,10,#N/A
43482,MW,12,15,#N/A
43482,MW,13,5,#N/A
43482,MW,13,15,#N/A
43482,MW,13,25,#N/A
43482,MW,14,5,#N/A
43482,MW,14,15,#N/A
43482,MW,14,25,#N/A
43482,MW,15,5,#N/A
43482,MW,15,15,#N/A
43482,MW,15,25,#N/A
43482,NE,PT,5,#N/A
43482,NE,PT,10,#N/A
43482,NE,PT,15,#N/A
43482,NE,PT,20,#N/A
43482,NE,PT,25,#N/A
43482,NE,PT,30,#N/A
43482,S,PT,5,#N/A
43482,S,PT,10,#N/A
43482,S,PT,15,#N/A
43482,S,PT,20,#N/A
43482,S,PT,25,#N/A
43482,S,PT,30,#N/A
43482,SW,BRIDGE,1,6.41
43482,SW,CONFLUENCE,1,6.55
43482,CAL,STT,4,#N/A
43482,CAL,STT,7,#N/A
43482,CAL,STT,10,#N/A
43482,CAL,STP,4,#N/A
43482,CAL,STP,7,#N/A
43482,CAL,STP,10,#N/A
43496,MW,1,5,#N/A
43496,MW,1,10,#N/A
43496,MW,1,15,#N/A
43496,MW,2,5,#N/A
43496,MW,2,10,#N/A
43496,MW,2,15,#N/A
43496,MW,3,5,6.94
43496,MW,3,10,6.91
43496,MW,3,15,6.87
43496,MW,4,5,12.2
43496,MW,4,10,12.27
43496,MW,4,15,12.26
43496,MW,5,5,12.91
43496,MW,5,10,12.9
43496,MW,5,15,13.03
43496,MW,6,5,11.8
43496,MW,6,10,11.99
43496,MW,6,15,12.1
43496,MW,7,5,11.75
43496,MW,7,10,12.3
43496,MW,7,15,12.65
43496,MW,8,5,9.67
43496,MW,8,10,8.89
43496,MW,8,15,8.52
43496,MW,9,5,9.67
43496,MW,9,10,8.89
43496,MW,9,15,8.52
43496,MW,10,5,11.58
43496,MW,10,10,11.31
43496,MW,10,15,11.12
43496,MW,11,5,8.9
43496,MW,11,10,11.45
43496,MW,11,15,11.57
43496,MW,12,5,#N/A
43496,MW,12,10,#N/A
43496,MW,12,15,#N/A
43496,MW,13,5,7.06
43496,MW,13,15,6.7
43496,MW,13,25,6.54
43496,MW,14,5,9.09
43496,MW,14,15,9.28
43496,MW,14,25,8.85
43496,MW,15,5,9.13
43496,MW,15,15,12.31
43496,MW,15,25,#N/A
43496,NE,PT,5,8
43496,NE,PT,10,7.58
43496,NE,PT,15,7.5
43496,NE,PT,20,7.35
43496,NE,PT,25,7.18
43496,NE,PT,30,7.09
43496,S,PT,5,5.98
43496,S,PT,10,5.86
43496,S,PT,15,5.75
43496,S,PT,20,5.7
43496,S,PT,25,5.7
43496,S,PT,30,5.7
43496,SW,BRIDGE,1,6.75
43496,SW,CONFLUENCE,1,6.35
43496,CAL,STT,4,#N/A
43496,CAL,STT,7,#N/A
43496,CAL,STT,10,#N/A
43496,CAL,STP,4,#N/A
43496,CAL,STP,7,#N/A
43496,CAL,STP,10,#N/A
43511,MW,1,5,#N/A
43511,MW,1,10,#N/A
43511,MW,1,15,#N/A
43511,MW,2,5,#N/A
43511,MW,2,10,#N/A
43511,MW,2,15,#N/A
43511,MW,3,5,#N/A
43511,MW,3,10,#N/A
43511,MW,3,15,#N/A
43511,MW,4,5,#N/A
43511,MW,4,10,#N/A
43511,MW,4,15,#N/A
43511,MW,5,5,#N/A
43511,MW,5,10,#N/A
43511,MW,5,15,#N/A
43511,MW,6,5,#N/A
43511,MW,6,10,#N/A
43511,MW,6,15,#N/A
43511,MW,7,5,#N/A
43511,MW,7,10,#N/A
43511,MW,7,15,#N/A
43511,MW,8,5,#N/A
43511,MW,8,10,#N/A
43511,MW,8,15,#N/A
43511,MW,9,5,#N/A
43511,MW,9,10,#N/A
43511,MW,9,15,#N/A
43511,MW,10,5,#N/A
43511,MW,10,10,#N/A
43511,MW,10,15,#N/A
43511,MW,11,5,#N/A
43511,MW,11,10,#N/A
43511,MW,11,15,#N/A
43511,MW,12,5,#N/A
43511,MW,12,10,#N/A
43511,MW,12,15,#N/A
43511,MW,13,5,#N/A
43511,MW,13,15,#N/A
43511,MW,13,25,#N/A
43511,MW,14,5,#N/A
43511,MW,14,15,#N/A
43511,MW,14,25,#N/A
43511,MW,15,5,#N/A
43511,MW,15,15,#N/A
43511,MW,15,25,#N/A
43511,NE,PT,5,#N/A
43511,NE,PT,10,#N/A
43511,NE,PT,15,#N/A
43511,NE,PT,20,#N/A
43511,NE,PT,25,#N/A
43511,NE,PT,30,#N/A
43511,S,PT,5,#N/A
43511,S,PT,10,#N/A
43511,S,PT,15,#N/A
43511,S,PT,20,#N/A
43511,S,PT,25,#N/A
43511,S,PT,30,#N/A
43511,SW,BRIDGE,1,6.38
43511,SW,CONFLUENCE,1,6.64
43511,CAL,STT,4,#N/A
43511,CAL,STT,7,#N/A
43511,CAL,STT,10,#N/A
43511,CAL,STP,4,#N/A
43511,CAL,STP,7,#N/A
43511,CAL,STP,10,#N/A
43524,MW,1,5,#N/A
43524,MW,1,10,#N/A
43524,MW,1,15,#N/A
43524,MW,2,5,6.58
43524,MW,2,10,6.26
43524,MW,2,15,6.19
43524,MW,3,5,8.67
43524,MW,3,10,8.72
43524,MW,3,15,8.66
43524,MW,4,5,12.41
43524,MW,4,10,12.5
43524,MW,4,15,12.54
43524,MW,5,5,12.33
43524,MW,5,10,12.68
43524,MW,5,15,12.76
43524,MW,6,5,11.81
43524,MW,6,10,11.78
43524,MW,6,15,11.75
43524,MW,7,5,13.33
43524,MW,7,10,13.17
43524,MW,7,15,13.21
43524,MW,8,5,8.14
43524,MW,8,10,8.17
43524,MW,8,15,8.21
43524,MW,9,5,11.58
43524,MW,9,10,11.87
43524,MW,9,15,11.95
43524,MW,10,5,11.58
43524,MW,10,10,11.46
43524,MW,10,15,11.3
43524,MW,11,5,11.76
43524,MW,11,10,11.74
43524,MW,11,15,11.75
43524,MW,12,5,6.2
43524,MW,12,10,6.54
43524,MW,12,15,6.66
43524,MW,13,5,7.15
43524,MW,13,15,6.72
43524,MW,13,25,6.61
43524,MW,14,5,6.97
43524,MW,14,15,6.1
43524,MW,14,25,6.38
43524,MW,15,5,9.62
43524,MW,15,15,9.78
43524,MW,15,25,#N/A
43524,NE,PT,5,6.76
43524,NE,PT,10,6.72
43524,NE,PT,15,6.68
43524,NE,PT,20,6.64
43524,NE,PT,25,6.59
43524,NE,PT,30,6.99
43524,S,PT,5,#N/A
43524,S,PT,10,#N/A
43524,S,PT,15,#N/A
43524,S,PT,20,#N/A
43524,S,PT,25,#N/A
43524,S,PT,30,#N/A
43524,SW,BRIDGE,1,6.94
43524,SW,CONFLUENCE,1,7.35
43524,CAL,STT,4,#N/A
43524,CAL,STT,7,#N/A
43524,CAL,STT,10,#N/A
43524,CAL,STP,4,#N/A
43524,CAL,STP,7,#N/A
43524,CAL,STP,10,#N/A
43539,MW,1,5,#N/A
43539,MW,1,10,#N/A
43539,MW,1,15,#N/A
43539,MW,2,5,#N/A
43539,MW,2,10,#N/A
43539,MW,2,15,#N/A
43539,MW,3,5,#N/A
43539,MW,3,10,#N/A
43539,MW,3,15,#N/A
43539,MW,4,5,#N/A
43539,MW,4,10,#N/A
43539,MW,4,15,#N/A
43539,MW,5,5,#N/A
43539,MW,5,10,#N/A
43539,MW,5,15,#N/A
43539,MW,6,5,#N/A
43539,MW,6,10,#N/A
43539,MW,6,15,#N/A
43539,MW,7,5,#N/A
43539,MW,7,10,#N/A
43539,MW,7,15,#N/A
43539,MW,8,5,#N/A
43539,MW,8,10,#N/A
43539,MW,8,15,#N/A
43539,MW,9,5,#N/A
43539,MW,9,10,#N/A
43539,MW,9,15,#N/A
43539,MW,10,5,#N/A
43539,MW,10,10,#N/A
43539,MW,10,15,#N/A
43539,MW,11,5,#N/A
43539,MW,11,10,#N/A
43539,MW,11,15,#N/A
43539,MW,12,5,#N/A
43539,MW,12,10,#N/A
43539,MW,12,15,#N/A
43539,MW,13,5,#N/A
43539,MW,13,15,#N/A
43539,MW,13,25,#N/A
43539,MW,14,5,#N/A
43539,MW,14,15,#N/A
43539,MW,14,25,#N/A
43539,MW,15,5,#N/A
43539,MW,15,15,#N/A
43539,MW,15,25,#N/A
43539,NE,PT,5,#N/A
43539,NE,PT,10,#N/A
43539,NE,PT,15,#N/A
43539,NE,PT,20,#N/A
43539,NE,PT,25,#N/A
43539,NE,PT,30,#N/A
43539,S,PT,5,#N/A
43539,S,PT,10,#N/A
43539,S,PT,15,#N/A
43539,S,PT,20,#N/A
43539,S,PT,25,#N/A
43539,S,PT,30,#N/A
43539,SW,BRIDGE,1,6.52
43539,SW,CONFLUENCE,1,6.79
43539,CAL,STT,4,#N/A
43539,CAL,STT,7,#N/A
43539,CAL,STT,10,#N/A
43539,CAL,STP,4,#N/A
43539,CAL,STP,7,#N/A
43539,CAL,STP,10,#N/A
43550,MW,1,5,5.12
43550,MW,1,10,3.72
43550,MW,1,15,3.67
43550,MW,2,5,5.98
43550,MW,2,10,5.9
43550,MW,2,15,5.88
43550,MW,3,5,8.9
43550,MW,3,10,9.24
43550,MW,3,15,9.29
43550,MW,4,5,10.69
43550,MW,4,10,11.35
43550,MW,4,15,11.51
43550,MW,5,5,11.81
43550,MW,5,10,12.11
43550,MW,5,15,12.36
43550,MW,6,5,10.76
43550,MW,6,10,11.08
43550,MW,6,15,11.25
43550,MW,7,5,10.15
43550,MW,7,10,11.1
43550,MW,7,15,11.64
43550,MW,8,5,9.51
43550,MW,8,10,8.57
43550,MW,8,15,8.13
43550,MW,9,5,10.85
43550,MW,9,10,11.74
43550,MW,9,15,11.8
43550,MW,10,5,#N/A
43550,MW,10,10,10.77
43550,MW,10,15,10.55
43550,MW,11,5,#N/A
43550,MW,11,10,11.13
43550,MW,11,15,11.25
43550,MW,12,5,6.56
43550,MW,12,10,6.55
43550,MW,12,15,#N/A
43550,MW,13,5,7.09
43550,MW,13,15,#N/A
43550,MW,13,25,6.35
43550,MW,14,5,6.65
43550,MW,14,15,6.15
43550,MW,14,25,6.23
43550,MW,15,5,10.98
43550,MW,15,15,8.54
43550,MW,15,25,#N/A
43550,NE,PT,5,7.35
43550,NE,PT,10,7.05
43550,NE,PT,15,6.9
43550,NE,PT,20,6.36
43550,NE,PT,25,6.37
43550,NE,PT,30,6.35
43550,S,PT,5,9.15
43550,S,PT,10,8.81
43550,S,PT,15,8.54
43550,S,PT,20,8.39
43550,S,PT,25,8.22
43550,S,PT,30,7.95
43550,SW,BRIDGE,1,7.62
43550,SW,CONFLUENCE,1,8.64
43550,CAL,STT,4,#N/A
43550,CAL,STT,7,#N/A
43550,CAL,STT,10,#N/A
43550,CAL,STP,4,#N/A
43550,CAL,STP,7,#N/A
43550,CAL,STP,10,#N/A
43567,MW,1,5,#N/A
43567,MW,1,10,#N/A
43567,MW,1,15,#N/A
43567,MW,2,5,#N/A
43567,MW,2,10,#N/A
43567,MW,2,15,#N/A
43567,MW,3,5,#N/A
43567,MW,3,10,#N/A
43567,MW,3,15,#N/A
43567,MW,4,5,#N/A
43567,MW,4,10,#N/A
43567,MW,4,15,#N/A
43567,MW,5,5,#N/A
43567,MW,5,10,#N/A
43567,MW,5,15,#N/A
43567,MW,6,5,#N/A
43567,MW,6,10,#N/A
43567,MW,6,15,#N/A
43567,MW,7,5,#N/A
43567,MW,7,10,#N/A
43567,MW,7,15,#N/A
43567,MW,8,5,#N/A
43567,MW,8,10,#N/A
43567,MW,8,15,#N/A
43567,MW,9,5,#N/A
43567,MW,9,10,#N/A
43567,MW,9,15,#N/A
43567,MW,10,5,#N/A
43567,MW,10,10,#N/A
43567,MW,10,15,#N/A
43567,MW,11,5,#N/A
43567,MW,11,10,#N/A
43567,MW,11,15,#N/A
43567,MW,12,5,#N/A
43567,MW,12,10,#N/A
43567,MW,12,15,#N/A
43567,MW,13,5,#N/A
43567,MW,13,15,#N/A
43567,MW,13,25,#N/A
43567,MW,14,5,#N/A
43567,MW,14,15,#N/A
43567,MW,14,25,#N/A
43567,MW,15,5,#N/A
43567,MW,15,15,#N/A
43567,MW,15,25,#N/A
43567,NE,PT,5,#N/A
43567,NE,PT,10,#N/A
43567,NE,PT,15,#N/A
43567,NE,PT,20,#N/A
43567,NE,PT,25,#N/A
43567,NE,PT,30,#N/A
43567,S,PT,5,#N/A
43567,S,PT,10,#N/A
43567,S,PT,15,#N/A
43567,S,PT,20,#N/A
43567,S,PT,25,#N/A
43567,S,PT,30,#N/A
43567,SW,BRIDGE,1,6.84
43567,SW,CONFLUENCE,1,7.01
43567,CAL,STT,4,#N/A
43567,CAL,STT,7,#N/A
43567,CAL,STT,10,#N/A
43567,CAL,STP,4,#N/A
43567,CAL,STP,7,#N/A
43567,CAL,STP,10,#N/A
43580,MW,1,5,#N/A
43580,MW,1,10,#N/A
43580,MW,1,15,#N/A
43580,MW,2,5,#N/A
43580,MW,2,10,#N/A
43580,MW,2,15,#N/A
43580,MW,3,5,#N/A
43580,MW,3,10,#N/A
43580,MW,3,15,#N/A
43580,MW,4,5,#N/A
43580,MW,4,10,#N/A
43580,MW,4,15,#N/A
43580,MW,5,5,#N/A
43580,MW,5,10,#N/A
43580,MW,5,15,#N/A
43580,MW,6,5,#N/A
43580,MW,6,10,#N/A
43580,MW,6,15,#N/A
43580,MW,7,5,#N/A
43580,MW,7,10,#N/A
43580,MW,7,15,#N/A
43580,MW,8,5,#N/A
43580,MW,8,10,#N/A
43580,MW,8,15,#N/A
43580,MW,9,5,#N/A
43580,MW,9,10,#N/A
43580,MW,9,15,#N/A
43580,MW,10,5,#N/A
43580,MW,10,10,#N/A
43580,MW,10,15,#N/A
43580,MW,11,5,#N/A
43580,MW,11,10,#N/A
43580,MW,11,15,#N/A
43580,MW,12,5,#N/A
43580,MW,12,10,#N/A
43580,MW,12,15,#N/A
43580,MW,13,5,#N/A
43580,MW,13,15,#N/A
43580,MW,13,25,#N/A
43580,MW,14,5,#N/A
43580,MW,14,15,#N/A
43580,MW,14,25,#N/A
43580,MW,15,5,#N/A
43580,MW,15,15,#N/A
43580,MW,15,25,#N/A
43580,NE,PT,5,#N/A
43580,NE,PT,10,#N/A
43580,NE,PT,15,#N/A
43580,NE,PT,20,#N/A
43580,NE,PT,25,#N/A
43580,NE,PT,30,#N/A
43580,S,PT,5,#N/A
43580,S,PT,10,#N/A
43580,S,PT,15,#N/A
43580,S,PT,20,#N/A
43580,S,PT,25,#N/A
43580,S,PT,30,#N/A
43580,SW,BRIDGE,1,8.16
43580,SW,CONFLUENCE,1,8.27
43580,CAL,STT,4,#N/A
43580,CAL,STT,7,#N/A
43580,CAL,STT,10,#N/A
43580,CAL,STP,4,#N/A
43580,CAL,STP,7,#N/A
43580,CAL,STP,10,#N/A
43588,MW,1,5,6.75
43588,MW,1,10,5.95
43588,MW,1,15,5.65
43588,MW,2,5,8.47
43588,MW,2,10,7.92
43588,MW,2,15,7.21
43588,MW,3,5,6.79
43588,MW,3,10,6.92
43588,MW,3,15,7.02
43588,MW,4,5,11.62
43588,MW,4,10,12.31
43588,MW,4,15,12.56
43588,MW,5,5,11.89
43588,MW,5,10,12.4
43588,MW,5,15,12.78
43588,MW,6,5,11.85
43588,MW,6,10,12.17
43588,MW,6,15,12.28
43588,MW,7,5,12.58
43588,MW,7,10,13.16
43588,MW,7,15,13.35
43588,MW,8,5,11.88
43588,MW,8,10,9.65
43588,MW,8,15,8.98
43588,MW,9,5,10.28
43588,MW,9,10,12.19
43588,MW,9,15,12.48
43588,MW,10,5,7.3
43588,MW,10,10,10.21
43588,MW,10,15,10.88
43588,MW,11,5,9.42
43588,MW,11,10,11.24
43588,MW,11,15,11.88
43588,MW,12,5,7.31
43588,MW,12,10,7.38
43588,MW,12,15,#N/A
43588,MW,13,5,8.09
43588,MW,13,15,7.73
43588,MW,13,25,#N/A
43588,MW,14,5,9.11
43588,MW,14,15,7.97
43588,MW,14,25,8.46
43588,MW,15,5,#N/A
43588,MW,15,15,#N/A
43588,MW,15,25,#N/A
43588,NE,PT,5,#N/A
43588,NE,PT,10,9.23
43588,NE,PT,15,8.96
43588,NE,PT,20,8.59
43588,NE,PT,25,8.25
43588,NE,PT,30,7.88
43588,S,PT,5,8.05
43588,S,PT,10,8.61
43588,S,PT,15,8.88
43588,S,PT,20,8.66
43588,S,PT,25,8.3
43588,S,PT,30,7.95
43588,SW,BRIDGE,1,6.93
43588,SW,CONFLUENCE,1,8.75
43588,CAL,STT,4,#N/A
43588,CAL,STT,7,#N/A
43588,CAL,STT,10,#N/A
43588,CAL,STP,4,#N/A
43588,CAL,STP,7,#N/A
43588,CAL,STP,10,#N/A
43601,MW,1,5,#N/A
43601,MW,1,10,#N/A
43601,MW,1,15,#N/A
43601,MW,2,5,#N/A
43601,MW,2,10,#N/A
43601,MW,2,15,#N/A
43601,MW,3,5,#N/A
43601,MW,3,10,#N/A
43601,MW,3,15,#N/A
43601,MW,4,5,#N/A
43601,MW,4,10,#N/A
43601,MW,4,15,#N/A
43601,MW,5,5,#N/A
43601,MW,5,10,#N/A
43601,MW,5,15,#N/A
43601,MW,6,5,#N/A
43601,MW,6,10,#N/A
43601,MW,6,15,#N/A
43601,MW,7,5,#N/A
43601,MW,7,10,#N/A
43601,MW,7,15,#N/A
43601,MW,8,5,#N/A
43601,MW,8,10,#N/A
43601,MW,8,15,#N/A
43601,MW,9,5,#N/A
43601,MW,9,10,#N/A
43601,MW,9,15,#N/A
43601,MW,10,5,#N/A
43601,MW,10,10,#N/A
43601,MW,10,15,#N/A
43601,MW,11,5,#N/A
43601,MW,11,10,#N/A
43601,MW,11,15,#N/A
43601,MW,12,5,#N/A
43601,MW,12,10,#N/A
43601,MW,12,15,#N/A
43601,MW,13,5,#N/A
43601,MW,13,15,#N/A
43601,MW,13,25,#N/A
43601,MW,14,5,#N/A
43601,MW,14,15,#N/A
43601,MW,14,25,#N/A
43601,MW,15,5,#N/A
43601,MW,15,15,#N/A
43601,MW,15,25,#N/A
43601,NE,PT,5,#N/A
43601,NE,PT,10,#N/A
43601,NE,PT,15,#N/A
43601,NE,PT,20,#N/A
43601,NE,PT,25,#N/A
43601,NE,PT,30,#N/A
43601,S,PT,5,#N/A
43601,S,PT,10,#N/A
43601,S,PT,15,#N/A
43601,S,PT,20,#N/A
43601,S,PT,25,#N/A
43601,S,PT,30,#N/A
43601,SW,BRIDGE,1,7.24
43601,SW,CONFLUENCE,1,7.32
43601,CAL,STT,4,#N/A
43601,CAL,STT,7,#N/A
43601,CAL,STT,10,#N/A
43601,CAL,STP,4,#N/A
43601,CAL,STP,7,#N/A
43601,CAL,STP,10,#N/A
43614,MW,1,5,#N/A
43614,MW,1,10,#N/A
43614,MW,1,15,#N/A
43614,MW,2,5,6.88
43614,MW,2,10,6.96
43614,MW,2,15,6.37
43614,MW,3,5,7.08
43614,MW,3,10,7.33
43614,MW,3,15,7.36
43614,MW,4,5,12.21
43614,MW,4,10,12.65
43614,MW,4,15,12.7
43614,MW,5,5,14
43614,MW,5,10,14
43614,MW,5,15,14
43614,MW,6,5,11.81
43614,MW,6,10,12
43614,MW,6,15,12.11
43614,MW,7,5,12.32
43614,MW,7,10,12.67
43614,MW,7,15,12.87
43614,MW,8,5,12.13
43614,MW,8,10,7.22
43614,MW,8,15,7.25
43614,MW,9,5,11.48
43614,MW,9,10,12
43614,MW,9,15,11.96
43614,MW,10,5,11.68
43614,MW,10,10,10.37
43614,MW,10,15,10.49
43614,MW,11,5,11.25
43614,MW,11,10,11.79
43614,MW,11,15,12.08
43614,MW,12,5,6.96
43614,MW,12,10,7.36
43614,MW,12,15,7.41
43614,MW,13,5,7.2
43614,MW,13,15,7.22
43614,MW,13,25,6.81
43614,MW,14,5,9.17
43614,MW,14,15,7.84
43614,MW,14,25,7.76
43614,MW,15,5,10.18
43614,MW,15,15,12.74
43614,MW,15,25,#N/A
43614,NE,PT,5,6.42
43614,NE,PT,10,6.5
43614,NE,PT,15,6.59
43614,NE,PT,20,6.35
43614,NE,PT,25,6.2
43614,NE,PT,30,6.15
43614,S,PT,5,#N/A
43614,S,PT,10,#N/A
43614,S,PT,15,#N/A
43614,S,PT,20,#N/A
43614,S,PT,25,#N/A
43614,S,PT,30,#N/A
43614,SW,BRIDGE,1,7.05
43614,SW,CONFLUENCE,1,8.17
43614,CAL,STT,4,#N/A
43614,CAL,STT,7,#N/A
43614,CAL,STT,10,#N/A
43614,CAL,STP,4,#N/A
43614,CAL,STP,7,#N/A
43614,CAL,STP,10,#N/A
43630,MW,1,5,#N/A
43630,MW,1,10,#N/A
43630,MW,1,15,#N/A
43630,MW,2,5,#N/A
43630,MW,2,10,#N/A
43630,MW,2,15,#N/A
43630,MW,3,5,#N/A
43630,MW,3,10,#N/A
43630,MW,3,15,#N/A
43630,MW,4,5,#N/A
43630,MW,4,10,#N/A
43630,MW,4,15,#N/A
43630,MW,5,5,#N/A
43630,MW,5,10,#N/A
43630,MW,5,15,#N/A
43630,MW,6,5,#N/A
43630,MW,6,10,#N/A
43630,MW,6,15,#N/A
43630,MW,7,5,#N/A
43630,MW,7,10,#N/A
43630,MW,7,15,#N/A
43630,MW,8,5,#N/A
43630,MW,8,10,#N/A
43630,MW,8,15,#N/A
43630,MW,9,5,#N/A
43630,MW,9,10,#N/A
43630,MW,9,15,#N/A
43630,MW,10,5,#N/A
43630,MW,10,10,#N/A
43630,MW,10,15,#N/A
43630,MW,11,5,#N/A
43630,MW,11,10,#N/A
43630,MW,11,15,#N/A
43630,MW,12,5,#N/A
43630,MW,12,10,#N/A
43630,MW,12,15,#N/A
43630,MW,13,5,#N/A
43630,MW,13,15,#N/A
43630,MW,13,25,#N/A
43630,MW,14,5,#N/A
43630,MW,14,15,#N/A
43630,MW,14,25,#N/A
43630,MW,15,5,#N/A
43630,MW,15,15,#N/A
43630,MW,15,25,#N/A
43630,NE,PT,5,#N/A
43630,NE,PT,10,#N/A
43630,NE,PT,15,#N/A
43630,NE,PT,20,#N/A
43630,NE,PT,25,#N/A
43630,NE,PT,30,#N/A
43630,S,PT,5,#N/A
43630,S,PT,10,#N/A
43630,S,PT,15,#N/A
43630,S,PT,20,#N/A
43630,S,PT,25,#N/A
43630,S,PT,30,#N/A
43630,SW,BRIDGE,1,8.05
43630,SW,CONFLUENCE,1,8.12
43630,CAL,STT,4,#N/A
43630,CAL,STT,7,#N/A
43630,CAL,STT,10,#N/A
43630,CAL,STP,4,#N/A
43630,CAL,STP,7,#N/A
43630,CAL,STP,10,#N/A
43644,MW,1,5,#N/A
43644,MW,1,10,#N/A
43644,MW,1,15,#N/A
43644,MW,2,5,8.61
43644,MW,2,10,9.55
43644,MW,2,15,10.52
43644,MW,3,5,9.24
43644,MW,3,10,10.09
43644,MW,3,15,10.22
43644,MW,4,5,12.84
43644,MW,4,10,14
43644,MW,4,15,#N/A
43644,MW,5,5,12.09
43644,MW,5,10,12.93
43644,MW,5,15,#N/A
43644,MW,6,5,11.49
43644,MW,6,10,12.81
43644,MW,6,15,13.3
43644,MW,7,5,11.87
43644,MW,7,10,12.57
43644,MW,7,15,12.84
43644,MW,8,5,11.87
43644,MW,8,10,10.41
43644,MW,8,15,10.38
43644,MW,9,5,12.54
43644,MW,9,10,13.06
43644,MW,9,15,13.62
43644,MW,10,5,11.4
43644,MW,10,10,11.62
43644,MW,10,15,11.73
43644,MW,11,5,11.31
43644,MW,11,10,12.23
43644,MW,11,15,12.41
43644,MW,12,5,8.2
43644,MW,12,10,8.92
43644,MW,12,15,9.02
43644,MW,13,5,14
43644,MW,13,15,14
43644,MW,13,25,14
43644,MW,14,5,9.72
43644,MW,14,15,10.94
43644,MW,14,25,10.91
43644,MW,15,5,12.24
43644,MW,15,15,12.93
43644,MW,15,25,#N/A
43644,NE,PT,5,8.72
43644,NE,PT,10,9.12
43644,NE,PT,15,9.69
43644,NE,PT,20,9
43644,NE,PT,25,8.6
43644,NE,PT,30,7.5
43644,S,PT,5,#N/A
43644,S,PT,10,#N/A
43644,S,PT,15,#N/A
43644,S,PT,20,#N/A
43644,S,PT,25,#N/A
43644,S,PT,30,#N/A
43644,SW,BRIDGE,1,7.01
43644,SW,CONFLUENCE,1,9.33
43644,CAL,STT,4,#N/A
43644,CAL,STT,7,#N/A
43644,CAL,STT,10,#N/A
43644,CAL,STP,4,#N/A
43644,CAL,STP,7,#N/A
43644,CAL,STP,10,#N/A
43657,MW,1,5,#N/A
43657,MW,1,10,#N/A
43657,MW,1,15,#N/A
43657,MW,2,5,#N/A
43657,MW,2,10,#N/A
43657,MW,2,15,#N/A
43657,MW,3,5,#N/A
43657,MW,3,10,#N/A
43657,MW,3,15,#N/A
43657,MW,4,5,#N/A
43657,MW,4,10,#N/A
43657,MW,4,15,#N/A
43657,MW,5,5,#N/A
43657,MW,5,10,#N/A
43657,MW,5,15,#N/A
43657,MW,6,5,#N/A
43657,MW,6,10,#N/A
43657,MW,6,15,#N/A
43657,MW,7,5,#N/A
43657,MW,7,10,#N/A
43657,MW,7,15,#N/A
43657,MW,8,5,#N/A
43657,MW,8,10,#N/A
43657,MW,8,15,#N/A
43657,MW,9,5,#N/A
43657,MW,9,10,#N/A
43657,MW,9,15,#N/A
43657,MW,10,5,#N/A
43657,MW,10,10,#N/A
43657,MW,10,15,#N/A
43657,MW,11,5,#N/A
43657,MW,11,10,#N/A
43657,MW,11,15,#N/A
43657,MW,12,5,#N/A
43657,MW,12,10,#N/A
43657,MW,12,15,#N/A
43657,MW,13,5,#N/A
43657,MW,13,15,#N/A
43657,MW,13,25,#N/A
43657,MW,14,5,#N/A
43657,MW,14,15,#N/A
43657,MW,14,25,#N/A
43657,MW,15,5,#N/A
43657,MW,15,15,#N/A
43657,MW,15,25,#N/A
43657,NE,PT,5,#N/A
43657,NE,PT,10,#N/A
43657,NE,PT,15,#N/A
43657,NE,PT,20,#N/A
43657,NE,PT,25,#N/A
43657,NE,PT,30,#N/A
43657,S,PT,5,#N/A
43657,S,PT,10,#N/A
43657,S,PT,15,#N/A
43657,S,PT,20,#N/A
43657,S,PT,25,#N/A
43657,S,PT,30,#N/A
43657,SW,BRIDGE,1,7.23
43657,SW,CONFLUENCE,1,7.45
43657,CAL,STT,4,#N/A
43657,CAL,STT,7,#N/A
43657,CAL,STT,10,#N/A
43657,CAL,STP,4,#N/A
43657,CAL,STP,7,#N/A
43657,CAL,STP,10,#N/A
43664,MW,1,5,#N/A
43664,MW,1,10,#N/A
43664,MW,1,15,#N/A
43664,MW,2,5,#N/A
43664,MW,2,10,#N/A
43664,MW,2,15,#N/A
43664,MW,3,5,#N/A
43664,MW,3,10,#N/A
43664,MW,3,15,#N/A
43664,MW,4,5,#N/A
43664,MW,4,10,#N/A
43664,MW,4,15,#N/A
43664,MW,5,5,#N/A
43664,MW,5,10,#N/A
43664,MW,5,15,#N/A
43664,MW,6,5,#N/A
43664,MW,6,10,#N/A
43664,MW,6,15,#N/A
43664,MW,7,5,#N/A
43664,MW,7,10,#N/A
43664,MW,7,15,#N/A
43664,MW,8,5,#N/A
43664,MW,8,10,#N/A
43664,MW,8,15,#N/A
43664,MW,9,5,#N/A
43664,MW,9,10,#N/A
43664,MW,9,15,#N/A
43664,MW,10,5,#N/A
43664,MW,10,10,#N/A
43664,MW,10,15,#N/A
43664,MW,11,5,#N/A
43664,MW,11,10,#N/A
43664,MW,11,15,#N/A
43664,MW,12,5,#N/A
43664,MW,12,10,#N/A
43664,MW,12,15,#N/A
43664,MW,13,5,#N/A
43664,MW,13,15,#N/A
43664,MW,13,25,#N/A
43664,MW,14,5,#N/A
43664,MW,14,15,#N/A
43664,MW,14,25,#N/A
43664,MW,15,5,#N/A
43664,MW,15,15,#N/A
43664,MW,15,25,#N/A
43664,NE,PT,5,#N/A
43664,NE,PT,10,#N/A
43664,NE,PT,15,#N/A
43664,NE,PT,20,#N/A
43664,NE,PT,25,#N/A
43664,NE,PT,30,#N/A
43664,S,PT,5,#N/A
43664,S,PT,10,#N/A
43664,S,PT,15,#N/A
43664,S,PT,20,#N/A
43664,S,PT,25,#N/A
43664,S,PT,30,#N/A
43664,SW,BRIDGE,1,6.8
43664,SW,CONFLUENCE,1,6.9
43664,CAL,STT,4,#N/A
43664,CAL,STT,7,#N/A
43664,CAL,STT,10,#N/A
43664,CAL,STP,4,#N/A
43664,CAL,STP,7,#N/A
43664,CAL,STP,10,#N/A
43676,MW,1,5,4.45
43676,MW,1,10,4.27
43676,MW,1,15,4.41
43676,MW,2,5,6.27
43676,MW,2,10,6.17
43676,MW,2,15,6.28
43676,MW,3,5,6.09
43676,MW,3,10,6.14
43676,MW,3,15,6.39
43676,MW,4,5,11.9
43676,MW,4,10,12.17
43676,MW,4,15,12.29
43676,MW,5,5,12.32
43676,MW,5,10,12.51
43676,MW,5,15,12.65
43676,MW,6,5,11.51
43676,MW,6,10,11.7
43676,MW,6,15,11.79
43676,MW,7,5,12.12
43676,MW,7,10,12.32
43676,MW,7,15,12.45
43676,MW,8,5,11.08
43676,MW,8,10,6.69
43676,MW,8,15,6.65
43676,MW,9,5,11.79
43676,MW,9,10,11.6
43676,MW,9,15,11.68
43676,MW,10,5,#N/A
43676,MW,10,10,10.01
43676,MW,10,15,9.98
43676,MW,11,5,10.31
43676,MW,11,10,11.76
43676,MW,11,15,11.97
43676,MW,12,5,6.46
43676,MW,12,10,6.53
43676,MW,12,15,#N/A
43676,MW,13,5,6.48
43676,MW,13,15,6.48
43676,MW,13,25,6.01
43676,MW,14,5,7.91
43676,MW,14,15,5.88
43676,MW,14,25,6.33
43676,MW,15,5,11.54
43676,MW,15,15,10.96
43676,MW,15,25,#N/A
43676,NE,PT,5,#N/A
43676,NE,PT,10,6.17
43676,NE,PT,15,6.01
43676,NE,PT,20,6.17
43676,NE,PT,25,6.21
43676,NE,PT,30,6.21
43676,S,PT,5,6.81
43676,S,PT,10,6.65
43676,S,PT,15,6.75
43676,S,PT,20,6.84
43676,S,PT,25,6.88
43676,S,PT,30,6.84
43676,SW,BRIDGE,1,7.08
43676,SW,CONFLUENCE,1,7.73
43676,CAL,STT,4,3.67
43676,CAL,STT,7,6.68
43676,CAL,STT,10,9.53
43676,CAL,STP,4,3.8
43676,CAL,STP,7,6.72
43676,CAL,STP,10,9.67
43692,MW,1,5,#N/A
43692,MW,1,10,#N/A
43692,MW,1,15,#N/A
43692,MW,2,5,#N/A
43692,MW,2,10,#N/A
43692,MW,2,15,#N/A
43692,MW,3,5,#N/A
43692,MW,3,10,#N/A
43692,MW,3,15,#N/A
43692,MW,4,5,#N/A
43692,MW,4,10,#N/A
43692,MW,4,15,#N/A
43692,MW,5,5,#N/A
43692,MW,5,10,#N/A
43692,MW,5,15,#N/A
43692,MW,6,5,#N/A
43692,MW,6,10,#N/A
43692,MW,6,15,#N/A
43692,MW,7,5,#N/A
43692,MW,7,10,#N/A
43692,MW,7,15,#N/A
43692,MW,8,5,#N/A
43692,MW,8,10,#N/A
43692,MW,8,15,#N/A
43692,MW,9,5,#N/A
43692,MW,9,10,#N/A
43692,MW,9,15,#N/A
43692,MW,10,5,#N/A
43692,MW,10,10,#N/A
43692,MW,10,15,#N/A
43692,MW,11,5,#N/A
43692,MW,11,10,#N/A
43692,MW,11,15,#N/A
43692,MW,12,5,#N/A
43692,MW,12,10,#N/A
43692,MW,12,15,#N/A
43692,MW,13,5,#N/A
43692,MW,13,15,#N/A
43692,MW,13,25,#N/A
43692,MW,14,5,#N/A
43692,MW,14,15,#N/A
43692,MW,14,25,#N/A
43692,MW,15,5,#N/A
43692,MW,15,15,#N/A
43692,MW,15,25,#N/A
43692,NE,PT,5,#N/A
43692,NE,PT,10,#N/A
43692,NE,PT,15,#N/A
43692,NE,PT,20,#N/A
43692,NE,PT,25,#N/A
43692,NE,PT,30,#N/A
43692,S,PT,5,#N/A
43692,S,PT,10,#N/A
43692,S,PT,15,#N/A
43692,S,PT,20,#N/A
43692,S,PT,25,#N/A
43692,S,PT,30,#N/A
43692,SW,BRIDGE,1,8.2
43692,SW,CONFLUENCE,1,8.6
43692,CAL,STT,4,#N/A
43692,CAL,STT,7,#N/A
43692,CAL,STT,10,#N/A
43692,CAL,STP,4,#N/A
43692,CAL,STP,7,#N/A
43692,CAL,STP,10,#N/A
43706,MW,1,5,4.56
43706,MW,1,10,4.54
43706,MW,1,15,4.61
43706,MW,2,5,6.51
43706,MW,2,10,6.48
43706,MW,2,15,6.49
43706,MW,3,5,6.21
43706,MW,3,10,6.17
43706,MW,3,15,6.42
43706,MW,4,5,#N/A
43706,MW,4,10,#N/A
43706,MW,4,15,#N/A
43706,MW,5,5,12.12
43706,MW,5,10,12.25
43706,MW,5,15,12.39
43706,MW,6,5,11.46
43706,MW,6,10,11.61
43706,MW,6,15,11.72
43706,MW,7,5,12.08
43706,MW,7,10,12.26
43706,MW,7,15,12.39
43706,MW,8,5,11.12
43706,MW,8,10,6.54
43706,MW,8,15,6.62
43706,MW,9,5,11.7
43706,MW,9,10,11.49
43706,MW,9,15,11.54
43706,MW,10,5,#N/A
43706,MW,10,10,10.37
43706,MW,10,15,9.95
43706,MW,11,5,#N/A
43706,MW,11,10,11.51
43706,MW,11,15,11.84
43706,MW,12,5,6.56
43706,MW,12,10,6.64
43706,MW,12,15,#N/A
43706,MW,13,5,#N/A
43706,MW,13,15,6.73
43706,MW,13,25,5.93
43706,MW,14,5,7.75
43706,MW,14,15,6.13
43706,MW,14,25,6.42
43706,MW,15,5,11.47
43706,MW,15,15,10.73
43706,MW,15,25,#N/A
43706,NE,PT,5,#N/A
43706,NE,PT,10,5.86
43706,NE,PT,15,5.97
43706,NE,PT,20,6.13
43706,NE,PT,25,6.02
43706,NE,PT,30,6.24
43706,S,PT,5,6.52
43706,S,PT,10,6.44
43706,S,PT,15,6.41
43706,S,PT,20,6.63
43706,S,PT,25,6.69
43706,S,PT,30,6.74
43706,SW,BRIDGE,1,7.24
43706,SW,CONFLUENCE,1,7.57
43706,CAL,STT,4,4
43706,CAL,STT,7,7.02
43706,CAL,STT,10,10.05
43706,CAL,STP,4,4.07
43706,CAL,STP,7,7.07
43706,CAL,STP,10,10.09
43721,MW,1,5,#N/A
43721,MW,1,10,#N/A
43721,MW,1,15,#N/A
43721,MW,2,5,#N/A
43721,MW,2,10,#N/A
43721,MW,2,15,#N/A
43721,MW,3,5,#N/A
43721,MW,3,10,#N/A
43721,MW,3,15,#N/A
43721,MW,4,5,#N/A
43721,MW,4,10,#N/A
43721,MW,4,15,#N/A
43721,MW,5,5,#N/A
43721,MW,5,10,#N/A
43721,MW,5,15,#N/A
43721,MW,6,5,#N/A
43721,MW,6,10,#N/A
43721,MW,6,15,#N/A
43721,MW,7,5,#N/A
43721,MW,7,10,#N/A
43721,MW,7,15,#N/A
43721,MW,8,5,#N/A
43721,MW,8,10,#N/A
43721,MW,8,15,#N/A
43721,MW,9,5,#N/A
43721,MW,9,10,#N/A
43721,MW,9,15,#N/A
43721,MW,10,5,#N/A
43721,MW,10,10,#N/A
43721,MW,10,15,#N/A
43721,MW,11,5,#N/A
43721,MW,11,10,#N/A
43721,MW,11,15,#N/A
43721,MW,12,5,#N/A
43721,MW,12,10,#N/A
43721,MW,12,15,#N/A
43721,MW,13,5,#N/A
43721,MW,13,15,#N/A
43721,MW,13,25,#N/A
43721,MW,14,5,#N/A
43721,MW,14,15,#N/A
43721,MW,14,25,#N/A
43721,MW,15,5,#N/A
43721,MW,15,15,#N/A
43721,MW,15,25,#N/A
43721,NE,PT,5,#N/A
43721,NE,PT,10,#N/A
43721,NE,PT,15,#N/A
43721,NE,PT,20,#N/A
43721,NE,PT,25,#N/A
43721,NE,PT,30,#N/A
43721,S,PT,5,#N/A
43721,S,PT,10,#N/A
43721,S,PT,15,#N/A
43721,S,PT,20,#N/A
43721,S,PT,25,#N/A
43721,S,PT,30,#N/A
43721,SW,BRIDGE,1,7.3
43721,SW,CONFLUENCE,1,7.68
43721,CAL,STT,4,4.02
43721,CAL,STT,7,7.03
43721,CAL,STT,10,10.05
43721,CAL,STP,4,4.03
43721,CAL,STP,7,7.02
43721,CAL,STP,10,10.02
43741,MW,1,5,6.88
43741,MW,1,10,6.42
43741,MW,1,15,5.63
43741,MW,2,5,7.89
43741,MW,2,10,7.67
43741,MW,2,15,7.64
43741,MW,3,5,6.81
43741,MW,3,10,6.84
43741,MW,3,15,6.82
43741,MW,4,5,12.66
43741,MW,4,10,12.89
43741,MW,4,15,12.79
43741,MW,5,5,12.9
43741,MW,5,10,12.89
43741,MW,5,15,12.81
43741,MW,6,5,12.06
43741,MW,6,10,12.22
43741,MW,6,15,12.14
43741,MW,7,5,12.92
43741,MW,7,10,12.54
43741,MW,7,15,12.35
43741,MW,8,5,11.6
43741,MW,8,10,7.97
43741,MW,8,15,7.94
43741,MW,9,5,12.54
43741,MW,9,10,12.34
43741,MW,9,15,12.37
43741,MW,10,5,11.51
43741,MW,10,10,11.65
43741,MW,10,15,11.31
43741,MW,11,5,10.04
43741,MW,11,10,11.66
43741,MW,11,15,12.27
43741,MW,12,5,10.61
43741,MW,12,10,10.91
43741,MW,12,15,10.89
43741,MW,13,5,#N/A
43741,MW,13,15,#N/A
43741,MW,13,25,#N/A
43741,MW,14,5,8.26
43741,MW,14,15,6.84
43741,MW,14,25,7.08
43741,MW,15,5,12.36
43741,MW,15,15,11.39
43741,MW,15,25,#N/A
43741,NE,PT,5,#N/A
43741,NE,PT,10,7.63
43741,NE,PT,15,7.22
43741,NE,PT,20,7.02
43741,NE,PT,25,6.97
43741,NE,PT,30,6.98
43741,S,PT,5,6.98
43741,S,PT,10,7.04
43741,S,PT,15,7.2
43741,S,PT,20,7.26
43741,S,PT,25,7.17
43741,S,PT,30,7.27
43741,SW,BRIDGE,1,7.76
43741,SW,CONFLUENCE,1,8.28
43741,CAL,STT,4,3.5
43741,CAL,STT,7,6.8
43741,CAL,STT,10,10.1
43741,CAL,STP,4,4.41
43741,CAL,STP,7,7.02
43741,CAL,STP,10,9.92
43756,MW,1,5,#N/A
43756,MW,1,10,#N/A
43756,MW,1,15,#N/A
43756,MW,2,5,#N/A
43756,MW,2,10,#N/A
43756,MW,2,15,#N/A
43756,MW,3,5,#N/A
43756,MW,3,10,#N/A
43756,MW,3,15,#N/A
43756,MW,4,5,#N/A
43756,MW,4,10,#N/A
43756,MW,4,15,#N/A
43756,MW,5,5,#N/A
43756,MW,5,10,#N/A
43756,MW,5,15,#N/A
43756,MW,6,5,#N/A
43756,MW,6,10,#N/A
43756,MW,6,15,#N/A
43756,MW,7,5,#N/A
43756,MW,7,10,#N/A
43756,MW,7,15,#N/A
43756,MW,8,5,#N/A
43756,MW,8,10,#N/A
43756,MW,8,15,#N/A
43756,MW,9,5,#N/A
43756,MW,9,10,#N/A
43756,MW,9,15,#N/A
43756,MW,10,5,#N/A
43756,MW,10,10,#N/A
43756,MW,10,15,#N/A
43756,MW,11,5,#N/A
43756,MW,11,10,#N/A
43756,MW,11,15,#N/A
43756,MW,12,5,#N/A
43756,MW,12,10,#N/A
43756,MW,12,15,#N/A
43756,MW,13,5,#N/A
43756,MW,13,15,#N/A
43756,MW,13,25,#N/A
43756,MW,14,5,#N/A
43756,MW,14,15,#N/A
43756,MW,14,25,#N/A
43756,MW,15,5,#N/A
43756,MW,15,15,#N/A
43756,MW,15,25,#N/A
43756,NE,PT,5,#N/A
43756,NE,PT,10,#N/A
43756,NE,PT,15,#N/A
43756,NE,PT,20,#N/A
43756,NE,PT,25,#N/A
43756,NE,PT,30,#N/A
43756,S,PT,5,#N/A
43756,S,PT,10,#N/A
43756,S,PT,15,#N/A
43756,S,PT,20,#N/A
43756,S,PT,25,#N/A
43756,S,PT,30,#N/A
43756,SW,BRIDGE,1,7.37
43756,SW,CONFLUENCE,1,7.47
43756,CAL,STT,4,4
43756,CAL,STT,7,7.02
43756,CAL,STT,10,10.04
43756,CAL,STP,4,4.02
43756,CAL,STP,7,7.03
43756,CAL,STP,10,10.06
43760,MW,1,5,7.34
43760,MW,1,10,7.32
43760,MW,1,15,7.1
43760,MW,2,5,6.37
43760,MW,2,10,6.31
43760,MW,2,15,6.28
43760,MW,3,5,6.09
43760,MW,3,10,6.05
43760,MW,3,15,6.21
43760,MW,4,5,11.79
43760,MW,4,10,11.79
43760,MW,4,15,11.86
43760,MW,5,5,12.2
43760,MW,5,10,12.21
43760,MW,5,15,12.32
43760,MW,6,5,11.64
43760,MW,6,10,11.6
43760,MW,6,15,11.68
43760,MW,7,5,12.3
43760,MW,7,10,12.35
43760,MW,7,15,12.41
43760,MW,8,5,7.86
43760,MW,8,10,6.58
43760,MW,8,15,6.6
43760,MW,9,5,11.72
43760,MW,9,10,11.58
43760,MW,9,15,11.61
43760,MW,10,5,11.22
43760,MW,10,10,11.21
43760,MW,10,15,11.17
43760,MW,11,5,9.59
43760,MW,11,10,11.51
43760,MW,11,15,11.95
43760,MW,12,5,11.27
43760,MW,12,10,11.28
43760,MW,12,15,10.09
43760,MW,13,5,#N/A
43760,MW,13,15,#N/A
43760,MW,13,25,#N/A
43760,MW,14,5,7.95
43760,MW,14,15,6.18
43760,MW,14,25,6.54
43760,MW,15,5,11.68
43760,MW,15,15,9.33
43760,MW,15,25,11
43760,NE,PT,5,6.55
43760,NE,PT,10,5.79
43760,NE,PT,15,5.84
43760,NE,PT,20,6.18
43760,NE,PT,25,6.16
43760,NE,PT,30,6.18
43760,S,PT,5,6.63
43760,S,PT,10,6.61
43760,S,PT,15,6.57
43760,S,PT,20,6.57
43760,S,PT,25,6.58
43760,S,PT,30,6.57
43760,SW,BRIDGE,1,7.21
43760,SW,CONFLUENCE,1,7.71
43760,CAL,STT,4,4.02
43760,CAL,STT,7,7.01
43760,CAL,STT,10,10.05
43760,CAL,STP,4,4
43760,CAL,STP,7,7
43760,CAL,STP,10,10.02
43776,MW,1,5,#N/A
43776,MW,1,10,#N/A
43776,MW,1,15,#N/A
43776,MW,2,5,#N/A
43776,MW,2,10,#N/A
43776,MW,2,15,#N/A
43776,MW,3,5,#N/A
43776,MW,3,10,#N/A
43776,MW,3,15,#N/A
43776,MW,4,5,#N/A
43776,MW,4,10,#N/A
43776,MW,4,15,#N/A
43776,MW,5,5,#N/A
43776,MW,5,10,#N/A
43776,MW,5,15,#N/A
43776,MW,6,5,#N/A
43776,MW,6,10,#N/A
43776,MW,6,15,#N/A
43776,MW,7,5,#N/A
43776,MW,7,10,#N/A
43776,MW,7,15,#N/A
43776,MW,8,5,#N/A
43776,MW,8,10,#N/A
43776,MW,8,15,#N/A
43776,MW,9,5,#N/A
43776,MW,9,10,#N/A
43776,MW,9,15,#N/A
43776,MW,10,5,#N/A
43776,MW,10,10,#N/A
43776,MW,10,15,#N/A
43776,MW,11,5,#N/A
43776,MW,11,10,#N/A
43776,MW,11,15,#N/A
43776,MW,12,5,#N/A
43776,MW,12,10,#N/A
43776,MW,12,15,#N/A
43776,MW,13,5,#N/A
43776,MW,13,15,#N/A
43776,MW,13,25,#N/A
43776,MW,14,5,#N/A
43776,MW,14,15,#N/A
43776,MW,14,25,#N/A
43776,MW,15,5,#N/A
43776,MW,15,15,#N/A
43776,MW,15,25,#N/A
43776,NE,PT,5,#N/A
43776,NE,PT,10,#N/A
43776,NE,PT,15,#N/A
43776,NE,PT,20,#N/A
43776,NE,PT,25,#N/A
43776,NE,PT,30,#N/A
43776,S,PT,5,#N/A
43776,S,PT,10,#N/A
43776,S,PT,15,#N/A
43776,S,PT,20,#N/A
43776,S,PT,25,#N/A
43776,S,PT,30,#N/A
43776,SW,BRIDGE,1,7.23
43776,SW,CONFLUENCE,1,7.11
43776,CAL,STT,4,4.04
43776,CAL,STT,7,7.03
43776,CAL,STT,10,10.01
43776,CAL,STP,4,4.01
43776,CAL,STP,7,7.02
43776,CAL,STP,10,10.05
43783,MW,1,5,5.91
43783,MW,1,10,5.8
43783,MW,1,15,5.71
43783,MW,2,5,6.47
43783,MW,2,10,6.31
43783,MW,2,15,6.36
43783,MW,3,5,6.18
43783,MW,3,10,6.2
43783,MW,3,15,6.2
43783,MW,4,5,#N/A
43783,MW,4,10,#N/A
43783,MW,4,15,#N/A
43783,MW,5,5,12.31
43783,MW,5,10,12.26
43783,MW,5,15,12.26
43783,MW,6,5,11.63
43783,MW,6,10,11.59
43783,MW,6,15,11.57
43783,MW,7,5,12.4
43783,MW,7,10,12.29
43783,MW,7,15,12.31
43783,MW,8,5,7.01
43783,MW,8,10,6.82
43783,MW,8,15,6.79
43783,MW,9,5,11.65
43783,MW,9,10,11.61
43783,MW,9,15,11.58
43783,MW,10,5,10.49
43783,MW,10,10,10.37
43783,MW,10,15,10.19
43783,MW,11,5,10.41
43783,MW,11,10,10.49
43783,MW,11,15,11.88
43783,MW,12,5,11.37
43783,MW,12,10,11.32
43783,MW,12,15,11.14
43783,MW,13,5,#N/A
43783,MW,13,15,#N/A
43783,MW,13,25,#N/A
43783,MW,14,5,8.02
43783,MW,14,15,5.96
43783,MW,14,25,6.44
43783,MW,15,5,12.01
43783,MW,15,15,8.83
43783,MW,15,25,11.09
43783,NE,PT,5,5.89
43783,NE,PT,10,5.84
43783,NE,PT,15,5.82
43783,NE,PT,20,5.92
43783,NE,PT,25,6.02
43783,NE,PT,30,6.04
43783,S,PT,5,6.72
43783,S,PT,10,6.73
43783,S,PT,15,6.73
43783,S,PT,20,6.74
43783,S,PT,25,6.75
43783,S,PT,30,6.74
43783,SW,BRIDGE,1,7.27
43783,SW,CONFLUENCE,1,7.61
43783,CAL,STT,4,4.06
43783,CAL,STT,7,7.03
43783,CAL,STT,10,10.05
43783,CAL,STP,4,4
43783,CAL,STP,7,7
43783,CAL,STP,10,10.03
43795,MW,1,5,#N/A
43795,MW,1,10,#N/A
43795,MW,1,15,#N/A
43795,MW,2,5,#N/A
43795,MW,2,10,#N/A
43795,MW,2,15,#N/A
43795,MW,3,5,#N/A
43795,MW,3,10,#N/A
43795,MW,3,15,#N/A
43795,MW,4,5,#N/A
43795,MW,4,10,#N/A
43795,MW,4,15,#N/A
43795,MW,5,5,#N/A
43795,MW,5,10,#N/A
43795,MW,5,15,#N/A
43795,MW,6,5,#N/A
43795,MW,6,10,#N/A
43795,MW,6,15,#N/A
43795,MW,7,5,#N/A
43795,MW,7,10,#N/A
43795,MW,7,15,#N/A
43795,MW,8,5,#N/A
43795,MW,8,10,#N/A
43795,MW,8,15,#N/A
43795,MW,9,5,#N/A
43795,MW,9,10,#N/A
43795,MW,9,15,#N/A
43795,MW,10,5,#N/A
43795,MW,10,10,#N/A
43795,MW,10,15,#N/A
43795,MW,11,5,#N/A
43795,MW,11,10,#N/A
43795,MW,11,15,#N/A
43795,MW,12,5,#N/A
43795,MW,12,10,#N/A
43795,MW,12,15,#N/A
43795,MW,13,5,#N/A
43795,MW,13,15,#N/A
43795,MW,13,25,#N/A
43795,MW,14,5,#N/A
43795,MW,14,15,#N/A
43795,MW,14,25,#N/A
43795,MW,15,5,#N/A
43795,MW,15,15,#N/A
43795,MW,15,25,#N/A
43795,NE,PT,5,#N/A
43795,NE,PT,10,#N/A
43795,NE,PT,15,#N/A
43795,NE,PT,20,#N/A
43795,NE,PT,25,#N/A
43795,NE,PT,30,#N/A
43795,S,PT,5,#N/A
43795,S,PT,10,#N/A
43795,S,PT,15,#N/A
43795,S,PT,20,#N/A
43795,S,PT,25,#N/A
43795,S,PT,30,#N/A
43795,SW,BRIDGE,1,7.31
43795,SW,CONFLUENCE,1,7.32
43795,CAL,STT,4,4
43795,CAL,STT,7,7
43795,CAL,STT,10,10.08
43795,CAL,STP,4,4.03
43795,CAL,STP,7,7.01
43795,CAL,STP,10,10.04
43819,MW,1,5,6.83
43819,MW,1,10,6.55
43819,MW,1,15,6.35
43819,MW,2,5,6.7
43819,MW,2,10,7.04
43819,MW,2,15,6.83
43819,MW,3,5,9.35
43819,MW,3,10,9.38
43819,MW,3,15,9.35
43819,MW,4,5,#N/A
43819,MW,4,10,#N/A
43819,MW,4,15,#N/A
43819,MW,5,5,12.7
43819,MW,5,10,12.6
43819,MW,5,15,12.53
43819,MW,6,5,11.88
43819,MW,6,10,11.73
43819,MW,6,15,11.64
43819,MW,7,5,11.5
43819,MW,7,10,12
43819,MW,7,15,12.2
43819,MW,8,5,7.1
43819,MW,8,10,6.96
43819,MW,8,15,6.88
43819,MW,9,5,11.93
43819,MW,9,10,11.87
43819,MW,9,15,11.81
43819,MW,10,5,10.97
43819,MW,10,10,11.04
43819,MW,10,15,11.03
43819,MW,11,5,11.59
43819,MW,11,10,11.53
43819,MW,11,15,11.5
43819,MW,12,5,11.41
43819,MW,12,10,11.35
43819,MW,12,15,11.07
43819,MW,13,5,#N/A
43819,MW,13,15,#N/A
43819,MW,13,25,#N/A
43819,MW,14,5,8.68
43819,MW,14,15,6.45
43819,MW,14,25,6.59
43819,MW,15,5,12.28
43819,MW,15,15,8.82
43819,MW,15,25,11.27
43819,NE,PT,5,7.05
43819,NE,PT,10,6.7
43819,NE,PT,15,6.59
43819,NE,PT,20,6.51
43819,NE,PT,25,6.42
43819,NE,PT,30,6.36
43819,S,PT,5,7.46
43819,S,PT,10,7.2
43819,S,PT,15,7.1
43819,S,PT,20,7.03
43819,S,PT,25,7
43819,S,PT,30,6.95
43819,SW,BRIDGE,1,8.05
43819,SW,CONFLUENCE,1,8.22
43819,CAL,STT,4,4.02
43819,CAL,STT,7,7
43819,CAL,STT,10,10.03
43819,CAL,STP,4,4.04
43819,CAL,STP,7,7.04
43819,CAL,STP,10,10.09
43832,MW,1,5,#N/A
43832,MW,1,10,#N/A
43832,MW,1,15,#N/A
43832,MW,2,5,#N/A
43832,MW,2,10,#N/A
43832,MW,2,15,#N/A
43832,MW,3,5,#N/A
43832,MW,3,10,#N/A
43832,MW,3,15,#N/A
43832,MW,4,5,#N/A
43832,MW,4,10,#N/A
43832,MW,4,15,#N/A
43832,MW,5,5,#N/A
43832,MW,5,10,#N/A
43832,MW,5,15,#N/A
43832,MW,6,5,#N/A
43832,MW,6,10,#N/A
43832,MW,6,15,#N/A
43832,MW,7,5,#N/A
43832,MW,7,10,#N/A
43832,MW,7,15,#N/A
43832,MW,8,5,#N/A
43832,MW,8,10,#N/A
43832,MW,8,15,#N/A
43832,MW,9,5,#N/A
43832,MW,9,10,#N/A
43832,MW,9,15,#N/A
43832,MW,10,5,#N/A
43832,MW,10,10,#N/A
43832,MW,10,15,#N/A
43832,MW,11,5,#N/A
43832,MW,11,10,#N/A
43832,MW,11,15,#N/A
43832,MW,12,5,#N/A
43832,MW,12,10,#N/A
43832,MW,12,15,#N/A
43832,MW,13,5,#N/A
43832,MW,13,15,#N/A
43832,MW,13,25,#N/A
43832,MW,14,5,#N/A
43832,MW,14,15,#N/A
43832,MW,14,25,#N/A
43832,MW,15,5,#N/A
43832,MW,15,15,#N/A
43832,MW,15,25,#N/A
43832,NE,PT,5,#N/A
43832,NE,PT,10,#N/A
43832,NE,PT,15,#N/A
43832,NE,PT,20,#N/A
43832,NE,PT,25,#N/A
43832,NE,PT,30,#N/A
43832,S,PT,5,#N/A
43832,S,PT,10,#N/A
43832,S,PT,15,#N/A
43832,S,PT,20,#N/A
43832,S,PT,25,#N/A
43832,S,PT,30,#N/A
43832,SW,BRIDGE,1,7.29
43832,SW,CONFLUENCE,1,7.75
43832,CAL,STT,4,3.99
43832,CAL,STT,7,7.01
43832,CAL,STT,10,10.03
43832,CAL,STP,4,4
43832,CAL,STP,7,7.02
43832,CAL,STP,10,10.06
43847,MW,1,5,5.34
43847,MW,1,10,4.82
43847,MW,1,15,5.45
43847,MW,2,5,6.58
43847,MW,2,10,6.5
43847,MW,2,15,6.43
43847,MW,3,5,10.26
43847,MW,3,10,10.14
43847,MW,3,15,10.14
43847,MW,4,5,#N/A
43847,MW,4,10,#N/A
43847,MW,4,15,#N/A
43847,MW,5,5,12.53
43847,MW,5,10,12.51
43847,MW,5,15,12.46
43847,MW,6,5,11.7
43847,MW,6,10,11.65
43847,MW,6,15,11.61
43847,MW,7,5,11.43
43847,MW,7,10,11.27
43847,MW,7,15,11.58
43847,MW,8,5,7.3
43847,MW,8,10,7.05
43847,MW,8,15,6.94
43847,MW,9,5,11.77
43847,MW,9,10,11.78
43847,MW,9,15,11.73
43847,MW,10,5,10.82
43847,MW,10,10,10.85
43847,MW,10,15,10.82
43847,MW,11,5,11.47
43847,MW,11,10,11.46
43847,MW,11,15,11.44
43847,MW,12,5,11
43847,MW,12,10,11.14
43847,MW,12,15,10.72
43847,MW,13,5,#N/A
43847,MW,13,15,#N/A
43847,MW,13,25,#N/A
43847,MW,14,5,8.1
43847,MW,14,15,6.06
43847,MW,14,25,6.37
43847,MW,15,5,12.16
43847,MW,15,15,8.9
43847,MW,15,25,11.22
43847,NE,PT,5,6.75
43847,NE,PT,10,6.48
43847,NE,PT,15,6.37
43847,NE,PT,20,6.27
43847,NE,PT,25,6.21
43847,NE,PT,30,5.96
43847,S,PT,5,7.05
43847,S,PT,10,6.98
43847,S,PT,15,6.95
43847,S,PT,20,6.93
43847,S,PT,25,6.91
43847,S,PT,30,6.87
43847,SW,BRIDGE,1,7.82
43847,SW,CONFLUENCE,1,7.8
43847,CAL,STT,4,3.98
43847,CAL,STT,7,7.03
43847,CAL,STT,10,10.09
43847,CAL,STP,4,4.01
43847,CAL,STP,7,7.04
43847,CAL,STP,10,10
43864,MW,1,5,4.8
43864,MW,1,10,4.67
43864,MW,1,15,4.76
43864,MW,2,5,6.97
43864,MW,2,10,6.75
43864,MW,2,15,6.65
43864,MW,3,5,10.47
43864,MW,3,10,10.45
43864,MW,3,15,10.4
43864,MW,4,5,#N/A
43864,MW,4,10,#N/A
43864,MW,4,15,#N/A
43864,MW,5,5,12.58
43864,MW,5,10,12.58
43864,MW,5,15,12.55
43864,MW,6,5,12.04
43864,MW,6,10,11.85
43864,MW,6,15,11.75
43864,MW,7,5,11.4
43864,MW,7,10,11.5
43864,MW,7,15,11.7
43864,MW,8,5,6.9
43864,MW,8,10,6.9
43864,MW,8,15,6.81
43864,MW,9,5,11.81
43864,MW,9,10,11.87
43864,MW,9,15,11.85
43864,MW,10,5,9.95
43864,MW,10,10,10
43864,MW,10,15,9.98
43864,MW,11,5,8.32
43864,MW,11,10,11.61
43864,MW,11,15,11.63
43864,MW,12,5,11.7
43864,MW,12,10,11.7
43864,MW,12,15,11.61
43864,MW,13,5,#N/A
43864,MW,13,15,#N/A
43864,MW,13,25,#N/A
43864,MW,14,5,8.36
43864,MW,14,15,6.26
43864,MW,14,25,6.43
43864,MW,15,5,12.15
43864,MW,15,15,9.02
43864,MW,15,25,11.29
43864,NE,PT,5,6.7
43864,NE,PT,10,6.55
43864,NE,PT,15,6.42
43864,NE,PT,20,6.3
43864,NE,PT,25,6.21
43864,NE,PT,30,6.11
43864,S,PT,5,7.11
43864,S,PT,10,7.04
43864,S,PT,15,6.96
43864,S,PT,20,6.9
43864,S,PT,25,6.85
43864,S,PT,30,6.83
43864,SW,BRIDGE,1,7.23
43864,SW,CONFLUENCE,1,7.16
43864,CAL,STT,4,3.98
43864,CAL,STT,7,6.99
43864,CAL,STT,10,10.05
43864,CAL,STP,4,4.07
43864,CAL,STP,7,7.11
43864,CAL,STP,10,10.07
